# kind	symbol	file	line  (generated by tools/gen_codemap.py)
func	fileToInputDate	js/aim.js	59
func	inputDateToFile	js/aim.js	71
func	kubiMedal	js/aim.js	82
func	pickPersist	js/aim.js	121
func	applyPersist	js/aim.js	132
func	blankState	js/aim.js	157
func	loadState	js/aim.js	166
func	saveState	js/aim.js	186
func	saveAuthor	js/aim.js	190
func	dateKeyOfCurrent	js/aim.js	196
func	cloudSave	js/aim.js	203
func	cloudLoad	js/aim.js	234
func	cloudDelete	js/aim.js	261
func	refreshCloudList	js/aim.js	294
func	toast	js/aim.js	311
func	aimSortedFiles	js/aim.js	322
func	resolveAimDateFile	js/aim.js	326
func	resolveReviewDateFile	js/aim.js	333
func	ensureDataLoaded	js/aim.js	340
func	orderedPresetsForHidden	js/aim.js	370
func	currentMachineOptions	js/aim.js	387
func	computeMachinePresetMap	js/aim.js	393
func	getMachinePresetMap	js/aim.js	419
func	presetKeyOfMachine	js/aim.js	424
func	isRankVisibleForPresetKey	js/aim.js	430
func	isRank3VisibleForPresetKey	js/aim.js	438
func	isRank3VisibleForMachine	js/aim.js	442
func	buildData	js/aim.js	448
func	rebuildVisible	js/aim.js	484
func	isPlaced	js/aim.js	493
func	chipKey	js/aim.js	499
func	visibleItems	js/aim.js	501
func	baseZoneOf	js/aim.js	509
func	itemsForMachineInZone	js/aim.js	513
func	reviewZoneOf	js/aim.js	525
func	machinesInZone	js/aim.js	534
func	shortNameOf	js/aim.js	550
func	valText	js/aim.js	557
func	zoneOfMachine	js/aim.js	562
func	renderChip	js/aim.js	566
func	renderCard	js/aim.js	580
func	renderZoneHtml	js/aim.js	592
func	renderBoard	js/aim.js	607
func	updateMeta	js/aim.js	633
func	toggleRankForPreset	js/aim.js	642
func	toggleRank3ForPreset	js/aim.js	652
func	ensureAimBadgeSheet	js/aim.js	660
func	renderBadgePanel	js/aim.js	688
func	toggleBadgePanel	js/aim.js	693
func	renderHiddenPanel	js/aim.js	700
func	applyPresetToHidden	js/aim.js	702
func	renderHiddenList	js/aim.js	733
func	installCount	js/aim.js	748
func	mkRankBtn	js/aim.js	785
func	toggleHiddenPanel	js/aim.js	845
func	bindDrag	js/aim.js	856
func	onTouchStart	js/aim.js	919
func	startTouchDrag	js/aim.js	930
func	onTouchMove	js/aim.js	946
func	onTouchEnd	js/aim.js	963
func	cancelLongPress	js/aim.js	986
func	detachTouchListeners	js/aim.js	987
func	cleanupDragClasses	js/aim.js	992
func	moveGhost	js/aim.js	997
func	removeAllGhosts	js/aim.js	1002
func	zoneBodyAtPoint	js/aim.js	1006
func	cardMachineAtY	js/aim.js	1010
func	showDropMarker	js/aim.js	1018
func	clearDropMarkers	js/aim.js	1029
func	bindCardTapMenu	js/aim.js	1039
func	openCardMenu	js/aim.js	1051
func	setTimeout	js/aim.js	1083
func	onDocClickCloseMenu	js/aim.js	1088
func	closeCardMenu	js/aim.js	1092
func	moveMachineToZone	js/aim.js	1100
func	applyDrop	js/aim.js	1116
func	reorderInZone	js/aim.js	1139
func	removeFromAllOrders	js/aim.js	1151
func	clearPerUnit	js/aim.js	1157
func	bindChipToggle	js/aim.js	1165
func	toggleChipExcluded	js/aim.js	1180
func	buildExportListEl	js/aim.js	1192
func	exportImage	js/aim.js	1270
func	inlineComputedColors	js/aim.js	1323
func	computeReviewPresetMap	js/aim.js	1339
func	reviewPresetKeyOf	js/aim.js	1365
func	buildReviewKubiList	js/aim.js	1369
func	reviewDayDataMap	js/aim.js	1405
func	buildReviewResult	js/aim.js	1422
func	zoneHitStats	js/aim.js	1477
func	fmtRate	js/aim.js	1488
func	fmtHitRate	js/aim.js	1491
func	refreshReviewSheetList	js/aim.js	1495
func	loadReviewState	js/aim.js	1523
func	applyToReviewState	js/aim.js	1553
func	renderReview	js/aim.js	1571
func	syncReviewDateNav	js/aim.js	1663
func	gotoReviewFile	js/aim.js	1685
func	switchTab	js/aim.js	1700
func	render	js/aim.js	1725
func	open	js/aim.js	1758
func	close	js/aim.js	1759
func	resetPlacement	js/aim.js	1761
func	gotoFile	js/aim.js	1773
func	syncDateNav	js/aim.js	1784
func	syncAuthorInput	js/aim.js	1808
func	setupEvents	js/aim.js	1815
func	bind	js/aim.js	1821
func	escapeHtml	js/aim.js	1879
func	escapeAttr	js/aim.js	1883
func	cssEsc	js/aim.js	1887
sect	狙い台ページ（AimSheet）	js/aim.js	1
sect	状態	js/aim.js	89
sect	ストレージ（ローカル）	js/aim.js	164
sect	クラウド（D1 / Workers）	js/aim.js	194
sect	基準日の解決 / データロード	js/aim.js	320
sect	プリセット振り分け（共通）	js/aim.js	368
sect	作成: データ構築	js/aim.js	446
sect	区分振り分け（共通）	js/aim.js	497
sect	作成: 描画	js/aim.js	564
sect	凹み判定（バッジ）設定：ボトムシート	js/aim.js	656
sect	機種除外パネル	js/aim.js	698
sect	ドラッグ統合	js/aim.js	852
sect	カードのタップメニュー	js/aim.js	1037
sect	ドロップ確定	js/aim.js	1114
sect	チップ除外トグル	js/aim.js	1163
sect	画像出力（3ゾーンのみ。未配置は含めない）	js/aim.js	1190
sect	振り返り（答え合わせ）	js/aim.js	1335
sect	タブ切替	js/aim.js	1698
sect	ページ表示（作成ビュー）	js/aim.js	1723
sect	日付ナビ	js/aim.js	1769
sect	イベント登録	js/aim.js	1813
sect	ヘルパ	js/aim.js	1877
func	invalidateCache	js/analysis.js	41
func	makeCacheKey	js/analysis.js	47
func	format	js/analysis.js	58
func	parseRow	js/analysis.js	59
func	colorClass	js/analysis.js	60
func	format	js/analysis.js	65
func	parseRow	js/analysis.js	66
func	colorClass	js/analysis.js	67
func	format	js/analysis.js	72
func	parseRow	js/analysis.js	73
func	colorClass	js/analysis.js	74
func	format	js/analysis.js	79
func	parseRow	js/analysis.js	80
func	colorClass	js/analysis.js	81
func	format	js/analysis.js	86
func	parseRow	js/analysis.js	87
func	colorClass	js/analysis.js	88
func	format	js/analysis.js	96
func	parseRow	js/analysis.js	97
func	colorClass	js/analysis.js	104
func	format	js/analysis.js	109
func	parseRow	js/analysis.js	110
func	colorClass	js/analysis.js	115
func	format	js/analysis.js	120
func	parseRow	js/analysis.js	121
func	colorClass	js/analysis.js	126
func	format	js/analysis.js	131
func	parseRow	js/analysis.js	132
func	colorClass	js/analysis.js	138
func	getCurrentColumnConfig	js/analysis.js	145
func	renderTrendPositionFilter	js/analysis.js	153
func	setupMultiPositionFilterEvents	js/analysis.js	168
func	getTrendDateEventText	js/analysis.js	179
func	dateToNumber	js/analysis.js	207
func	getFileDateNumber	js/analysis.js	209
func	applyAllFilters	js/analysis.js	214
func	updateActiveFilterDisplay	js/analysis.js	266
func	updateTrendSelectionCount	js/analysis.js	282
func	quickSelectDays	js/analysis.js	289
func	renderTrendFilterPanel	js/analysis.js	299
func	escapeHtml	js/analysis.js	321
func	setupTrendFilterButtons	js/analysis.js	323
func	populateTrendDateList	js/analysis.js	389
func	getSelectedTrendDates	js/analysis.js	415
func	openTrendCalendarModal	js/analysis.js	416
func	closeTrendCalendarModal	js/analysis.js	417
func	updateTrendPeriodLabel	js/analysis.js	419
func	initTrendMachineFilter	js/analysis.js	431
func	updateTrendMachineFilterOptions	js/analysis.js	438
func	initTrendColumnSettings	js/analysis.js	447
func	saveTrendColumnSettings	js/analysis.js	460
func	updateChartVisibility	js/analysis.js	467
func	updateUIForDataColumn	js/analysis.js	472
func	loadTrendData	js/analysis.js	485
func	collectRawData	js/analysis.js	592
func	aggregateData	js/analysis.js	650
func	aggregateUnitData	js/analysis.js	658
func	aggregateMachineData	js/analysis.js	698
func	applyValueFilters	js/analysis.js	756
func	sortTrendResults	js/analysis.js	768
func	renderTrendSummary	js/analysis.js	776
func	renderMachineSummaryCards	js/analysis.js	813
func	renderMachineSummaryPage	js/analysis.js	830
func	sign	js/analysis.js	859
func	renderTrendTables	js/analysis.js	947
func	renderTrendTablesByMachine	js/analysis.js	999
func	renderValueCell	js/analysis.js	1047
func	renderTrendChartData	js/analysis.js	1058
func	syncRowHeights	js/analysis.js	1073
func	handleResize	js/analysis.js	1095
func	getTrendTableData	js/analysis.js	1101
func	copyTrendTable	js/analysis.js	1102
func	downloadTrendCSV	js/analysis.js	1103
func	resetTrendFilters	js/analysis.js	1115
func	debounce	js/analysis.js	1133
func	setupTrendEventListeners	js/analysis.js	1142
func	getTrendDisplayData	js/analysis.js	1227
func	getSelectedKubiSeries	js/analysis.js	1245
func	initKubiMachineFilter	js/analysis.js	1253
func	updateKubiPeriodLabel	js/analysis.js	1263
func	ensureKubiBadgeSheet	js/analysis.js	1276
func	openKubiBadgeModal	js/analysis.js	1313
func	closeKubiBadgeModal	js/analysis.js	1318
func	updateKubiBadgeSummaryLabel	js/analysis.js	1322
func	summarizeKubiRows	js/analysis.js	1335
func	collectKubiRowsByFile	js/analysis.js	1348
func	buildKubiSeriesFor	js/analysis.js	1364
func	periodAvg	js/analysis.js	1380
func	loadKubiData	js/analysis.js	1387
func	renderKubiSection	js/analysis.js	1440
func	requestAnimationFrame	js/analysis.js	1475
func	buildKubiDatasets	js/analysis.js	1506
func	buildKubiTableHtml	js/analysis.js	1520
func	setupAnalysisSubtabs	js/analysis.js	1548
func	isKubiTabActive	js/analysis.js	1568
func	setupKubiEventListeners	js/analysis.js	1573
func	scLogFact	js/analysis.js	1610
func	scLogComb	js/analysis.js	1611
func	scFisher	js/analysis.js	1613
func	scBinom	js/analysis.js	1622
func	scParseDiff	js/analysis.js	1630
func	scComputeCumulative	js/analysis.js	1635
func	scBuildRecords	js/analysis.js	1673
func	loadScatterData	js/analysis.js	1771
func	scRenderP	js/analysis.js	1820
func	scRenderScatter	js/analysis.js	1828
func	scRenderTrend	js/analysis.js	1855
func	scRenderTable	js/analysis.js	1882
func	onScatterLookback	js/analysis.js	1899
func	onScatterThresh	js/analysis.js	1904
func	initScatterMachineFilter	js/analysis.js	1911
func	updateScatterPeriodLabel	js/analysis.js	1920
func	initScatterSuffixButtons	js/analysis.js	1929
func	b.onclick	js/analysis.js	1937
func	onclick	js/analysis.js	1937
func	isScatterTabActive	js/analysis.js	1948
func	setupScatterEventListeners	js/analysis.js	1955
func	scRenderRankChart	js/analysis.js	2010
func	initScatterRankButtons	js/analysis.js	2046
func	b.onclick	js/analysis.js	2053
func	onclick	js/analysis.js	2053
sect	データトレンドタブ（パフォーマンス最適化版）	js/analysis.js	1
sect	パフォーマンス: キャッシュ管理	js/analysis.js	25
sect	データ列の設定	js/analysis.js	51
sect	位置フィルター	js/analysis.js	149
sect	日付イベント情報	js/analysis.js	175
sect	日付フィルター関連	js/analysis.js	203
sect	フィルターパネル	js/analysis.js	295
sect	日付選択モーダル	js/analysis.js	385
sect	機種フィルター	js/analysis.js	427
sect	列表示・グラフ設定	js/analysis.js	443
sect	メインデータ読み込み（3段階キャッシュ）	js/analysis.js	481
sect	Stage 1: 生データ収集	js/analysis.js	588
sect	Stage 2: 集計	js/analysis.js	646
sect	フィルター・ソート	js/analysis.js	752
sect	サマリー表示	js/analysis.js	772
sect	機種別サマリーカード ページネーション状態	js/analysis.js	800
sect	テーブル描画（台別）- DocumentFragment使用	js/analysis.js	943
sect	テーブル描画（機種別）	js/analysis.js	995
sect	グラフ描画	js/analysis.js	1054
sect	行の高さ同期（最適化版）	js/analysis.js	1069
sect	コピー・ダウンロード	js/analysis.js	1097
sect	フィルターリセット	js/analysis.js	1111
sect	デバウンス	js/analysis.js	1129
sect	イベントリスナー設定	js/analysis.js	1138
sect	凹み推移タブ	js/analysis.js	1230
sect	散布分析タブ	js/analysis.js	1599
export	window.trendDisplayData	js/analysis.js	0
func	setupFilterPanelToggle	js/app.js	5
func	setupTabEventListeners	js/app.js	29
func	init	js/app.js	64
func	populateMachineFilters	js/app.js	120
sect	メイン初期化・タブ切り替え	js/app.js	1
func	getAuthor	js/board.js	17
func	setAuthor	js/board.js	20
func	render	js/board.js	25
func	formHtml	js/board.js	39
func	bindForm	js/board.js	56
func	loadPosts	js/board.js	76
func	renderList	js/board.js	90
func	postNew	js/board.js	124
func	startEdit	js/board.js	147
func	saveEdit	js/board.js	176
func	removePost	js/board.js	192
func	reloadByBoard	js/board.js	205
func	fmtTime	js/board.js	211
func	z	js/board.js	214
func	escapeHtml	js/board.js	218
func	escapeAttr	js/board.js	222
sect	取材掲示板モジュール（board.js）	js/board.js	1
export	window.Board	js/board.js	0
func	create	js/bottomsheet.js	17
func	open	js/bottomsheet.js	52
func	requestAnimationFrame	js/bottomsheet.js	55
func	close	js/bottomsheet.js	62
func	setContent	js/bottomsheet.js	82
func	getBody	js/bottomsheet.js	83
func	isOpen	js/bottomsheet.js	86
func	onOpen	js/bottomsheet.js	87
func	get	js/bottomsheet.js	94
sect	ボトムシート（ハーフモーダル）共通モジュール	js/bottomsheet.js	1
func	navigateToDailyData	js/calendar.js	15
func	initCalendarMultiSelect	js/calendar.js	60
func	renderOptions	js/calendar.js	96
func	updateDisplay	js/calendar.js	143
func	getSelectedValues	js/calendar.js	167
func	openDropdown	js/calendar.js	171
func	closeDropdown	js/calendar.js	187
func	selectAll	js/calendar.js	193
func	deselectAll	js/calendar.js	205
func	setSelectedValues	js/calendar.js	253
func	updateOptions	js/calendar.js	258
func	reset	js/calendar.js	265
func	selectAll	js/calendar.js	271
func	renderCalendarFilters	js/calendar.js	283
func	eventHasName	js/calendar.js	320
func	dateMatchesCalendarFilter	js/calendar.js	329
func	parseDateKey	js/calendar.js	373
func	getRecommendationsForDate	js/calendar.js	383
func	renderWeeklyRecommendationBadges	js/calendar.js	412
func	renderCalendar	js/calendar.js	439
func	renderCalendarList	js/calendar.js	607
func	renderMonthSummary	js/calendar.js	712
func	changeCalendarMonth	js/calendar.js	765
func	setupCalendarEventListeners	js/calendar.js	777
func	getMonthlyDailyCumulative	js/calendar.js	795
func	renderCalendarTrendChart	js/calendar.js	822
func	label	js/calendar.js	923
func	callback	js/calendar.js	945
func	callback	js/calendar.js	956
sect	カレンダータブ	js/calendar.js	1
sect	カレンダーから日別データへ遷移	js/calendar.js	7
sect	週間おすすめ機種の処理	js/calendar.js	364
sect	カレンダー描画	js/calendar.js	435
sect	スマホ用リスト表示	js/calendar.js	597
sect	月間累積差枚推移グラフ	js/calendar.js	783
func	renderTrendChart	js/chart.js	14
func	callback	js/chart.js	122
func	yAxisConfig.ticks.callback	js/chart.js	122
func	callback	js/chart.js	125
func	yAxisConfig.ticks.callback	js/chart.js	125
func	callback	js/chart.js	129
func	yAxisConfig.ticks.callback	js/chart.js	129
func	label	js/chart.js	153
func	updateTrendChart	js/chart.js	172
func	setupChartEventListeners	js/chart.js	184
sect	グラフ描画モジュール	js/chart.js	1
sect	非AT機種リスト	js/config.js	1
sect	ジャグラー系・ハナハナ沖スロ系・アクロス系の機種一覧。	js/config.js	3
sect	サイト設定	js/config.js	35
sect	機種フィルタープリセット（固定）	js/config.js	57
sect	matchMode:	js/config.js	59
sect	設定を適用	js/config.js	147
func	deepClone	js/daily-state.js	62
func	shallowMerge	js/daily-state.js	66
func	stripDateFileExt	js/daily-state.js	72
func	restoreDateFileExt	js/daily-state.js	78
func	saveToStorage	js/daily-state.js	87
func	loadFromStorage	js/daily-state.js	96
func	encodeStateToUrl	js/daily-state.js	110
func	decodeStateFromUrl	js/daily-state.js	154
func	syncDomFromState	js/daily-state.js	175
func	syncLegacyGlobals	js/daily-state.js	209
func	get	js/daily-state.js	239
func	setState	js/daily-state.js	251
func	_scheduleRender	js/daily-state.js	267
func	requestAnimationFrame	js/daily-state.js	271
func	syncDom	js/daily-state.js	282
func	init	js/daily-state.js	290
func	applyDefaultDate	js/daily-state.js	331
func	reset	js/daily-state.js	344
func	_raw	js/daily-state.js	350
sect	日別タブ 状態管理モジュール	js/daily-state.js	1
func	loadDailyFilterGroups	js/daily.js	53
func	saveDailyFilterGroups	js/daily.js	72
func	addDailyFilterGroup	js/daily.js	82
func	removeDailyFilterGroup	js/daily.js	90
func	addDailyFilterCondition	js/daily.js	97
func	removeDailyFilterCondition	js/daily.js	104
func	updateDailyFilterCondition	js/daily.js	115
func	renderDailyFilterGroups	js/daily.js	126
func	getRowValueForFilter	js/daily.js	269
func	evaluateDailyFilterCondition	js/daily.js	286
func	applyDailyFilterGroups	js/daily.js	304
func	hasActiveDailyFilters	js/daily.js	322
func	getActiveDailyFilterCount	js/daily.js	330
func	resetDailyFilterGroups	js/daily.js	342
func	updateNumFilterPreview	js/daily.js	352
func	renderDailyTagPreview	js/daily.js	360
func	updateTagBulkApplyUI	js/daily.js	390
func	updateColumnPreview	js/daily.js	409
func	updateBadgePreview	js/daily.js	422
func	syncDailyState	js/daily.js	440
func	loadDailyState	js/daily.js	445
func	calculateMechanicalRate	js/daily.js	454
func	formatMechanicalRate	js/daily.js	465
func	getMechanicalRateClass	js/daily.js	470
func	addMechanicalRateToData	js/daily.js	475
func	openAppModal	js/daily.js	486
func	closeAppModal	js/daily.js	491
func	initDailyMachineFilter	js/daily.js	500
func	updateDailyMachineFilterCounts	js/daily.js	531
func	initColumnSelector	js/daily.js	544
func	recalcBadgeCache	js/daily.js	637
func	applyBadgeCacheToData	js/daily.js	687
func	ensureDailyBadgeSheet	js/daily.js	700
func	renderBadgeSettings	js/daily.js	766
func	updateBadgeRecalcButton	js/daily.js	772
func	updateDailyBadgeRecalcButton	js/daily.js	788
func	syncBadgeFilterCheckboxes	js/daily.js	793
func	getGroupedColumnLayout	js/daily.js	811
func	renderColumnCheckboxes	js/daily.js	835
func	_persistVisibleColumns	js/daily.js	864
func	updateVisibleColumns	js/daily.js	871
func	selectAllColumns	js/daily.js	899
func	deselectAllColumns	js/daily.js	906
func	initDateSelectWithEvents	js/daily.js	918
func	createDateSelectOptionForDaily	js/daily.js	928
func	formatVirtualDateLabel	js/daily.js	937
func	updateDateNavWithEvents	js/daily.js	950
func	renderDailyEventBadges	js/daily.js	978
func	updateDailyTagCountDisplay	js/daily.js	1003
func	showTableSkeleton	js/daily.js	1020
func	hideTableSkeleton	js/daily.js	1043
func	filterAndRender	js/daily.js	1056
func	renderActiveFilterChips	js/daily.js	1249
func	remove	js/daily.js	1264
func	remove	js/daily.js	1288
func	remove	js/daily.js	1303
func	remove	js/daily.js	1316
func	remove	js/daily.js	1340
func	remove	js/daily.js	1357
func	fixedColClass	js/daily.js	1437
func	renderDailyCell	js/daily.js	1445
func	renderTableWithColumns	js/daily.js	1544
func	escapeHtmlTag	js/daily.js	1704
func	renderUnitStatusBadge	js/daily.js	1719
func	renderUnitStatusBadges	js/daily.js	1726
func	getDisplayedTableData	js/daily.js	1741
func	copyTableToClipboard	js/daily.js	1790
func	downloadTableAsCSV	js/daily.js	1796
func	setupDailyModalEvents	js/daily.js	1809
func	bindModalOpen	js/daily.js	1895
func	bindModalClose	js/daily.js	1900
func	setupDailyEventListeners	js/daily.js	1909
func	toggleSuffixStatsPanel	js/daily.js	2033
func	restoreSuffixStatsPanelState	js/daily.js	2057
func	calculateSuffixStats	js/daily.js	2070
func	renderSuffixStatsTable	js/daily.js	2110
func	renderWithdrawnTable	js/daily.js	2222
func	toggleWithdrawnPanel	js/daily.js	2284
func	getSuffixStatsTableData	js/daily.js	2300
func	copySuffixStatsTable	js/daily.js	2331
func	downloadSuffixStatsCSV	js/daily.js	2337
func	setupSuffixStatsEventListeners	js/daily.js	2349
func	ensureDatePickerSheet	js/daily.js	2376
func	getDatePickerIndex	js/daily.js	2385
func	initDatePickerView	js/daily.js	2403
func	pad2	js/daily.js	2416
func	renderDatePicker	js/daily.js	2418
func	ensureMonthLoadedThenRender	js/daily.js	2511
func	openDatePicker	js/daily.js	2523
sect	日別データタブ	js/daily.js	1
sect	数値フィルター（グループAND/OR方式）	js/daily.js	19
sect	プレビュー更新	js/daily.js	348
sect	日別タブ状態管理	js/daily.js	436
sect	機械割計算	js/daily.js	450
sect	汎用モーダル開閉	js/daily.js	482
sect	機種フィルター	js/daily.js	496
sect	列選択	js/daily.js	540
sect	機種内バッジ設定（モーダル内）	js/daily.js	627
sect	表示列（統合グループ対応）	js/daily.js	800
sect	日付ナビゲーション	js/daily.js	914
sect	タグカウント表示	js/daily.js	999
sect	テーブル スケルトン / スピナー	js/daily.js	1016
sect	メインフィルター＆描画	js/daily.js	1052
sect	アクティブフィルター チップバー	js/daily.js	1245
sect	テーブル描画	js/daily.js	1421
sect	コピー・ダウンロード	js/daily.js	1737
sect	モーダルイベント	js/daily.js	1805
sect	イベントリスナー	js/daily.js	1905
sect	台番号末尾別統計	js/daily.js	2027
sect	最近撤去された台	js/daily.js	2211
sect	日付選択カレンダー（ボトムシート）	js/daily.js	2368
func	syncToStore	js/data.js	19
func	syncFromStore	js/data.js	26
func	addOneDayToDateKey	js/data.js	50
func	getVirtualBaseFile	js/data.js	69
func	getVirtualNextDateKey	js/data.js	77
func	getVirtualNextFile	js/data.js	88
func	isVirtualFile	js/data.js	97
func	virtualFileToDateKey	js/data.js	104
func	getDisplayFiles	js/data.js	113
func	buildVirtualRows	js/data.js	126
func	updateLoadingProgress	js/data.js	147
func	hideLoadingScreen	js/data.js	161
func	showBackgroundLoadingIndicator	js/data.js	168
func	hideBackgroundLoadingIndicator	js/data.js	190
func	setTimeout	js/data.js	194
func	loadFilesList	js/data.js	207
func	loadUnitHistory	js/data.js	227
func	loadMonthlyJSON	js/data.js	249
func	loadMultipleJSONParallel	js/data.js	300
func	loadBatch	js/data.js	305
func	loadCSV	js/data.js	333
func	loadInitialData	js/data.js	347
func	loadNext	js/data.js	375
func	loadRemainingDataInBackground	js/data.js	411
func	refreshUIAfterBackgroundLoad	js/data.js	455
func	loadAllData	js/data.js	491
func	loadAllCSV	js/data.js	498
func	populateDateSelectors	js/data.js	503
func	populateMachineFilters	js/data.js	550
func	updateDateNav	js/data.js	572
sect	データ読み込み・管理	js/data.js	1
sect	仮想翌日（稼働中メモ用）	js/data.js	36
sect	ローディング制御	js/data.js	143
sect	データ読み込み	js/data.js	200
func	init	js/floating-nav.js	36
func	_setupScrollObserver	js/floating-nav.js	56
func	_showBtn	js/floating-nav.js	76
func	_setupEvents	js/floating-nav.js	87
func	_openModal	js/floating-nav.js	124
func	_closeModal	js/floating-nav.js	134
func	_updateCurrentPage	js/floating-nav.js	143
func	setCurrentPage	js/floating-nav.js	161
func	_setupSwipeClose	js/floating-nav.js	167
func	_getBaseTransform	js/floating-nav.js	197
func	open	js/floating-nav.js	205
func	close	js/floating-nav.js	206
sect	floating-nav.js	js/floating-nav.js	1
export	window.FloatingNav	js/floating-nav.js	0
func	save	js/hstag.js	80
func	load	js/hstag.js	91
func	migrateFromOldFormat	js/hstag.js	107
func	createDefinition	js/hstag.js	136
func	removeDefinition	js/hstag.js	156
func	getDefinition	js/hstag.js	161
func	getAll	js/hstag.js	165
func	updateDefinition	js/hstag.js	169
func	addGroup	js/hstag.js	182
func	removeGroup	js/hstag.js	199
func	addCondition	js/hstag.js	206
func	removeCondition	js/hstag.js	220
func	updateCondition	js/hstag.js	232
func	loadPreset	js/hstag.js	249
func	getColumnValue	js/hstag.js	273
func	evaluateCondition	js/hstag.js	285
func	evaluate	js/hstag.js	306
func	evaluateAll	js/hstag.js	333
func	hasActiveConditions	js/hstag.js	362
func	hasAnyActiveConditions	js/hstag.js	375
func	renderAllUIs	js/hstag.js	383
func	notifyAllChanged	js/hstag.js	389
func	renderUIFor	js/hstag.js	399
func	renderTagDefinitionUI	js/hstag.js	429
func	escapeAttr	js/hstag.js	543
func	bindUIEvents	js/hstag.js	550
func	handler	js/hstag.js	637
func	registerUI	js/hstag.js	697
func	init	js/hstag.js	710
func	clearConditions	js/hstag.js	747
func	clearAll	js/hstag.js	758
func	setUnitNos	js/hstag.js	775
func	clearUnitNos	js/hstag.js	787
func	evaluateHighSettingTag	js/hstag.js	805
func	hasActiveTagConditions	js/hstag.js	810
func	initTagUI	js/hstag.js	814
func	onChange	js/hstag.js	817
func	initDailyTagUI	js/hstag.js	825
func	onChange	js/hstag.js	828
func	saveTagState	js/hstag.js	843
func	loadTagState	js/hstag.js	847
sect	汎用タグ判定エンジン（複数タグ定義対応）	js/hstag.js	1
sect	定数	js/hstag.js	7
sect	状態	js/hstag.js	68
sect	ストレージ	js/hstag.js	78
sect	タグ定義CRUD	js/hstag.js	134
sect	グループ・条件操作	js/hstag.js	180
sect	プリセット	js/hstag.js	247
sect	判定ロジック	js/hstag.js	271
sect	UI描画	js/hstag.js	381
sect	UIイベント	js/hstag.js	548
sect	UI登録	js/hstag.js	695
sect	初期化	js/hstag.js	708
sect	公開API	js/hstag.js	714
sect	後方互換性のためのラッパー関数	js/hstag.js	801
func	pad2	js/island.js	38
func	init	js/island.js	44
func	loadMachineShortNames	js/island.js	58
func	loadIslandConfig	js/island.js	70
func	loadUnitData	js/island.js	86
func	ensureBadgeWindowLoaded	js/island.js	125
func	computeIslandBadges	js/island.js	149
func	ensureIslandBadgeSheet	js/island.js	181
func	ensureIslandDatePickerSheet	js/island.js	210
func	getIslandDateIndex	js/island.js	218
func	initIslandDatePickerView	js/island.js	228
func	renderIslandDatePicker	js/island.js	244
func	openIslandDatePicker	js/island.js	330
func	getShortMachineName	js/island.js	342
func	render	js/island.js	354
func	updateDateNav	js/island.js	364
func	renderLegend	js/island.js	381
func	renderHeatmapLegend	js/island.js	412
func	renderIslandMap	js/island.js	423
func	renderIsland	js/island.js	470
func	renderIslandRow	js/island.js	487
func	getIndicatorInfo	js/island.js	503
func	renderUnit	js/island.js	520
func	getUnitStyle	js/island.js	544
func	getUnitSubText	js/island.js	576
func	getColorByValue	js/island.js	599
func	getBrightness	js/island.js	622
func	showUnitDetail	js/island.js	636
func	renderDetailRow	js/island.js	697
func	hideUnitDetail	js/island.js	704
func	switchViewMode	js/island.js	716
func	setupEventListeners	js/island.js	733
func	setViewMode	js/island.js	807
func	getState	js/island.js	810
sect	島図タブ	js/island.js	1
sect	初期化	js/island.js	40
sect	データ取得	js/island.js	82
sect	凹みバッジ（🐙タコだし / 💀死に台）	js/island.js	120
sect	日付選択カレンダー（ボトムシート）	js/island.js	202
sect	機種名の省略	js/island.js	338
sect	描画	js/island.js	350
sect	インジケーター判定（🐙タコだし / 💀死に台）	js/island.js	498
sect	差枚モード用カラー計算	js/island.js	595
sect	台詳細モーダル	js/island.js	632
sect	イベントリスナー	js/island.js	712
sect	公開API	js/island.js	800
func	loadSettings	js/machinebadge.js	51
func	saveSettings	js/machinebadge.js	80
func	fileToDateKey	js/machinebadge.js	96
func	isEventDate	js/machinebadge.js	105
func	isTail05Date	js/machinebadge.js	129
func	isExcludedDate	js/machinebadge.js	138
func	calcCumulativeValues	js/machinebadge.js	170
func	calcRanksFromItems	js/machinebadge.js	241
func	assignBadges	js/machinebadge.js	285
func	assignBadgesForTrend	js/machinebadge.js	371
func	renderBadgeHtml	js/machinebadge.js	405
func	renderBadgeInner	js/machinebadge.js	413
func	renderRankCheckboxes	js/machinebadge.js	447
func	renderSettingsHtml	js/machinebadge.js	458
func	getLastWindowInfo	js/machinebadge.js	523
func	renderWindowInfo	js/machinebadge.js	536
func	setupSettingsEvents	js/machinebadge.js	595
func	update	js/machinebadge.js	604
func	isEnabled	js/machinebadge.js	651
func	getTarget	js/machinebadge.js	652
func	isShowTako	js/machinebadge.js	653
func	isShowKubi	js/machinebadge.js	654
func	getTopN	js/machinebadge.js	655
func	getBadgeDays	js/machinebadge.js	656
func	getBadgeBase	js/machinebadge.js	657
func	getTakoRanks	js/machinebadge.js	658
func	getKubiRanks	js/machinebadge.js	659
func	isExEvent	js/machinebadge.js	660
func	isExTail05	js/machinebadge.js	661
func	getFillMode	js/machinebadge.js	662
func	getTargetColumn	js/machinebadge.js	664
sect	機種内バッジシステム	js/machinebadge.js	1
sect	設定	js/machinebadge.js	21
sect	ストレージ	js/machinebadge.js	49
sect	日付・除外判定ヘルパ	js/machinebadge.js	93
sect	累積計算	js/machinebadge.js	144
sect	コアランク計算	js/machinebadge.js	235
sect	日別タブ用: 累積でバッジ付与	js/machinebadge.js	274
sect	トレンドタブ用: aggregated結果に対してバッジ付与	js/machinebadge.js	365
sect	HTML描画	js/machinebadge.js	399
sect	設定UI	js/machinebadge.js	443
sect	ゲッター	js/machinebadge.js	649
sect	初期化	js/machinebadge.js	668
sect	公開API	js/machinebadge.js	672
func	loadLocal	js/memo.js	34
func	saveLocal	js/memo.js	45
func	saveAuthor	js/memo.js	49
func	getForDate	js/memo.js	55
func	getMemo	js/memo.js	59
func	upsertMemo	js/memo.js	63
func	deleteMemo	js/memo.js	77
func	settingBadgesHtml	js/memo.js	89
func	personBadgeHtml	js/memo.js	97
func	badgeHtml	js/memo.js	103
func	summaryText	js/memo.js	114
func	cloudEnabled	js/memo.js	124
func	cloudPush	js/memo.js	126
func	cloudDelete	js/memo.js	142
func	cloudPull	js/memo.js	149
func	parseSetting	js/memo.js	177
func	buildModal	js/memo.js	185
func	renderEditorSettingChecks	js/memo.js	246
func	openEditor	js/memo.js	270
func	closeEditor	js/memo.js	310
func	saveFromModal	js/memo.js	315
func	deleteFromModal	js/memo.js	345
func	afterChange	js/memo.js	353
func	dateKeyToLabel	js/memo.js	361
func	init	js/memo.js	383
func	toast	js/memo.js	393
func	escapeHtml	js/memo.js	400
func	escapeAttr	js/memo.js	404
sect	着席メモ（SeatMemo）	js/memo.js	1
sect	ストレージ（ローカル）	js/memo.js	32
sect	メモ操作（ローカル）	js/memo.js	53
sect	バッジ生成（日別タブ・メモ列で共用）	js/memo.js	86
sect	クラウド（D1 / Workers・任意）	js/memo.js	122
sect	入力モーダル（動的生成）	js/memo.js	183
sect	日付ラベル	js/memo.js	358
sect	初期化	js/memo.js	379
sect	ヘルパ	js/memo.js	398
func	loadUserPresets	js/preset.js	10
func	getBuiltinPresets	js/preset.js	27
func	getAll	js/preset.js	49
func	resolve	js/preset.js	67
func	resolveInclude	js/preset.js	121
func	resolveExclude	js/preset.js	154
sect	機種フィルタープリセット管理	js/preset.js	1
sect	ストレージ	js/preset.js	8
sect	固定プリセット	js/preset.js	25
sect	全プリセット取得	js/preset.js	47
sect	マッチング	js/preset.js	58
sect	公開API	js/preset.js	194
func	getAllEvents	js/promotion.js	54
func	nameMatches	js/promotion.js	75
func	filterEventsFor	js/promotion.js	80
func	pad2	js/promotion.js	91
func	isFutureDate	js/promotion.js	94
func	dateToCacheKey	js/promotion.js	107
func	getTargetGroups	js/promotion.js	113
func	pick	js/promotion.js	118
func	getDayRecords	js/promotion.js	136
func	summarizeRows	js/promotion.js	144
func	summaryBar	js/promotion.js	161
func	buildDayRanking	js/promotion.js	180
func	machinePreview	js/promotion.js	222
func	render	js/promotion.js	248
func	renderList	js/promotion.js	264
func	loadAllListDaysThenRerender	js/promotion.js	330
func	buildMachineMatrix	js/promotion.js	357
func	mark	js/promotion.js	367
func	pickCount	js/promotion.js	382
func	buildOverviewMatrix	js/promotion.js	442
func	mark	js/promotion.js	470
func	totalCount	js/promotion.js	495
func	totalTarget	js/promotion.js	500
func	hexToRgba	js/promotion.js	583
func	renderOverview	js/promotion.js	594
func	tableBlock	js/promotion.js	608
func	buildRankingSection	js/promotion.js	635
func	rankTableUnits	js/promotion.js	657
func	machineRankBlock	js/promotion.js	680
func	renderDetail	js/promotion.js	705
func	loadDayThenRerender	js/promotion.js	761
func	escapeHtml	js/promotion.js	775
sect	取材ページ共通モジュール（promotion.js）	js/promotion.js	1
sect	events 取得（ストア優先 → 無ければ自前 fetch してキャッシュ）	js/promotion.js	49
sect	日付・キャッシュ・データ抽出	js/promotion.js	88
sect	集計ヘルパー	js/promotion.js	141
sect	その日の全台ランキング集計	js/promotion.js	174
sect	描画エントリ（events を取得してから描く）	js/promotion.js	245
sect	開催日一覧（カード ＋ 対象機種マトリクス）	js/promotion.js	261
sect	対象機種マトリクス（縦:機種 × 横:開催日）	js/promotion.js	351
sect	全体マトリクス（3取材を1枚に統合）	js/promotion.js	435
sect	詳細ページ（テーブル＋サマリーバー）	js/promotion.js	605
sect	その日の全台ランキング描画	js/promotion.js	632
sect	ユーティリティ	js/promotion.js	772
export	window.Promotion	js/promotion.js	0
func	init	js/router.js	35
func	init	js/router.js	45
func	onShow	js/router.js	62
func	init	js/router.js	70
func	onShow	js/router.js	73
func	init	js/router.js	81
func	init	js/router.js	92
func	onShow	js/router.js	97
func	onShow	js/router.js	109
func	onShow	js/router.js	119
func	onShow	js/router.js	127
func	onShow	js/router.js	135
func	parseHash	js/router.js	153
func	getPageFromHash	js/router.js	163
func	ensurePartial	js/router.js	170
func	show	js/router.js	203
func	navigate	js/router.js	242
func	start	js/router.js	257
func	_state	js/router.js	286
sect	ハッシュルーター（完全版 / パラメータ対応 #page/param）	js/router.js	1
sect	取材（promotion）	js/router.js	104
export	window.Router	js/router.js	0
func	compareJapanese	js/utils.js	82
func	extractUnitNumber	js/utils.js	89
func	byTotalSa	js/utils.js	99
func	byAvgSa	js/utils.js	110
func	byCount	js/utils.js	121
func	byWinRate	js/utils.js	132
func	byMachineName	js/utils.js	143
func	byUnitNumber	js/utils.js	156
func	byMachineThenUnit	js/utils.js	168
func	byUnitThenMachine	js/utils.js	188
func	byLatestSa	js/utils.js	208
func	byPrevTotalSa	js/utils.js	219
func	getFunction	js/utils.js	230
func	apply	js/utils.js	311
func	compareJapanese	js/utils.js	324
func	extractUnitNumber	js/utils.js	328
func	getSortFunction	js/utils.js	332
func	sortByMachineName	js/utils.js	336
func	sortByUnitNumber	js/utils.js	342
func	sortByMachineThenUnit	js/utils.js	356
func	formatDate	js/utils.js	377
func	formatDateShort	js/utils.js	385
func	parseDateFromFilename	js/utils.js	393
func	getDateNumber	js/utils.js	405
func	sortFilesByDate	js/utils.js	413
func	getDayOfWeek	js/utils.js	422
func	getDayOfWeekName	js/utils.js	431
func	getDateSuffix	js/utils.js	436
func	renderTable	js/utils.js	448
func	initSearchableSelect	js/utils.js	497
func	renderOptions	js/utils.js	523
func	selectOption	js/utils.js	572
func	updateHighlight	js/utils.js	579
func	openDropdown	js/utils.js	590
func	setTimeout	js/utils.js	609
func	closeDropdown	js/utils.js	618
func	getValue	js/utils.js	701
func	setValue	js/utils.js	702
func	updateOptions	js/utils.js	714
func	reset	js/utils.js	720
func	close	js/utils.js	725
func	open	js/utils.js	728
func	getTableData	js/utils.js	738
func	getMergedTableData	js/utils.js	776
func	convertToTSV	js/utils.js	793
func	convertToCSV	js/utils.js	802
func	escapeCSV	js/utils.js	805
func	copyToClipboard	js/utils.js	821
func	setTimeout	js/utils.js	837
func	fallbackCopy	js/utils.js	849
func	setTimeout	js/utils.js	862
func	downloadAsCSV	js/utils.js	873
func	showCopyToast	js/utils.js	899
func	requestAnimationFrame	js/utils.js	910
func	setTimeout	js/utils.js	914
func	setTimeout	js/utils.js	916
func	initMultiSelectMachineFilter	js/utils.js	926
func	getAvailableMachineNames	js/utils.js	980
func	escapeHtmlPreset	js/utils.js	984
func	populatePresetSelect	js/utils.js	989
func	applyPreset	js/utils.js	1021
func	renderOptions	js/utils.js	1063
func	updateDisplay	js/utils.js	1114
func	getSelectedValues	js/utils.js	1138
func	openDropdown	js/utils.js	1142
func	closeDropdown	js/utils.js	1163
func	selectAll	js/utils.js	1169
func	deselectAll	js/utils.js	1181
func	selectByCount	js/utils.js	1197
func	setSelectedValues	js/utils.js	1325
func	updateOptions	js/utils.js	1330
func	reset	js/utils.js	1340
func	selectAll	js/utils.js	1348
func	selectByMinCount	js/utils.js	1354
func	applyPreset	js/utils.js	1364
func	getMachineCountsFromData	js/utils.js	1380
func	getAllMachineCountsFromCache	js/utils.js	1391
func	loadEventData	js/utils.js	1423
func	parseDateKeyToComponents	js/utils.js	1445
func	getRecurringEventsForDate	js/utils.js	1457
func	getEventsForDate	js/utils.js	1531
func	getEventTypeInfo	js/utils.js	1553
func	getAllEventNames	js/utils.js	1558
func	isValidEvent	js/utils.js	1588
func	hasEventOrPerformers	js/utils.js	1606
func	getEventDisplayName	js/utils.js	1615
func	renderEventBadges	js/utils.js	1661
func	renderCalendarEventBadges	js/utils.js	1749
func	renderDailyEventBadges	js/utils.js	1753
func	renderStatsEventBadges	js/utils.js	1757
func	getEventTextForDateSelect	js/utils.js	1766
func	getDateKeyFromFilename	js/utils.js	1801
func	createDateSelectOption	js/utils.js	1806
func	updateDateSelectWithEvents	js/utils.js	1818
func	loadPositionData	js/utils.js	1845
func	getPositionTags	js/utils.js	1911
func	getPositionInfo	js/utils.js	1920
func	renderPositionTags	js/utils.js	1927
func	getPositionTagsText	js/utils.js	1960
func	filterByPositionTag	js/utils.js	1965
func	getAllPositionTags	js/utils.js	1976
func	sortMachineOptionsByCount	js/utils.js	1994
func	getMachineOptionsForDate	js/utils.js	2003
func	getMachineOptionsForLatestDate	js/utils.js	2021
func	getMachineOptionsForPeriod	js/utils.js	2032
func	renderMultiPositionFilter	js/utils.js	2076
func	setupMultiPositionFilterEvents	js/utils.js	2125
func	applyMultiPositionFilter	js/utils.js	2162
func	getPositionFilterState	js/utils.js	2186
func	resetPositionFilter	js/utils.js	2190
func	getPositionFilterDisplayText	js/utils.js	2197
func	normalizeDateKey	js/utils.js	2223
func	unitHistoryDateToObj	js/utils.js	2233
func	getLatestDateInUnitHistory	js/utils.js	2245
func	HallData.utils.getUnitStatus	js/utils.js	2287
func	getUnitStatus	js/utils.js	2287
func	HallData.utils.getUnitAge	js/utils.js	2354
func	getUnitAge	js/utils.js	2354
func	HallData.utils.getMachineAge	js/utils.js	2409
func	getMachineAge	js/utils.js	2409
func	HallData.utils.getNewPeriodDays	js/utils.js	2485
func	getNewPeriodDays	js/utils.js	2485
func	HallData.utils.setNewPeriodDays	js/utils.js	2496
func	setNewPeriodDays	js/utils.js	2496
func	HallData.utils.getUnitDisplayStatus	js/utils.js	2509
func	getUnitDisplayStatus	js/utils.js	2509
func	HallData.utils.getUnitDisplayStatuses	js/utils.js	2543
func	getUnitDisplayStatuses	js/utils.js	2543
sect	名前空間とグローバル状態管理	js/utils.js	1
sect	統一ソート関数	js/utils.js	74
sect	後方互換性のためのエイリアス	js/utils.js	320
sect	ユーティリティ関数	js/utils.js	373
sect	テーブル描画	js/utils.js	444
sect	検索可能セレクトボックス	js/utils.js	493
sect	共通コピー・ダウンロード機能	js/utils.js	734
sect	複数選択可能な機種フィルター（プリセット対応版）	js/utils.js	922
sect	プリセット機能	js/utils.js	978
sect	機種リスト描画	js/utils.js	1061
sect	イベントリスナー	js/utils.js	1235
sect	機種ごとの台数を取得	js/utils.js	1376
sect	イベント関連（共通）	js/utils.js	1417
sect	イベントバッジ描画（統一版）	js/utils.js	1647
sect	日付セレクター用イベント表示（共通）	js/utils.js	1762
sect	位置タグ関連	js/utils.js	1832
sect	機種フィルター用ソート関数（台数順→50音順）	js/utils.js	1990
sect	複数選択位置フィルター	js/utils.js	2066
sect	台番号ステータス／経過日数ヘルパー（unit_history.json 連携）	js/utils.js	2212
export	window.HallData	js/utils.js	0
css	.aim-toolbar	css/aim.css	17
css	.aim-toolbar	css/aim.css	24
css	.aim-meta	css/aim.css	24
css	.aim-hint	css/aim.css	29
css	.aim-btn	css/aim.css	38
css	.aim-hidden-panel	css/aim.css	57
css	.aim-hidden-panel	css/aim.css	64
css	.open	css/aim.css	64
css	.aim-hidden-panel-head	css/aim.css	65
css	.aim-empty-guide	css/aim.css	73
css	.aim-board	css/aim.css	83
css	.aim-board-zones	css/aim.css	91
css	.aim-unplaced-wrap	css/aim.css	99
css	.aim-zone	css/aim.css	101
css	.aim-zone-top	css/aim.css	110
css	.aim-zone-high	css/aim.css	111
css	.aim-zone-other	css/aim.css	112
css	.aim-zone-unplaced	css/aim.css	113
css	.aim-zone-head	css/aim.css	115
css	.aim-zone-label	css/aim.css	123
css	.aim-zone-count	css/aim.css	124
css	.aim-zone-body	css/aim.css	130
css	.aim-board-zones	css/aim.css	140
css	.aim-zone-body	css/aim.css	140
css	.aim-zone-unplaced	css/aim.css	142
css	.aim-zone-body	css/aim.css	142
css	.aim-zone-unplaced	css/aim.css	148
css	.aim-card	css/aim.css	148
css	.aim-zone-over	css/aim.css	150
css	.aim-zone-empty	css/aim.css	155
css	.aim-card	css/aim.css	167
css	.aim-card	css/aim.css	176
css	.aim-card	css/aim.css	177
css	.aim-dragging	css/aim.css	177
css	.aim-card-head	css/aim.css	179
css	.aim-card-grip	css/aim.css	185
css	.aim-card-name	css/aim.css	191
css	.aim-card-chips	css/aim.css	200
css	.aim-chip	css/aim.css	202
css	.aim-chip	css/aim.css	215
css	.aim-chip	css/aim.css	216
css	.aim-dragging	css/aim.css	216
css	.aim-chip-kubi-1	css/aim.css	217
css	.aim-chip-kubi-2	css/aim.css	218
css	.aim-chip-kubi-3	css/aim.css	219
css	.aim-chip-kubi-4	css/aim.css	220
css	.aim-chip-kubi-5	css/aim.css	221
css	.aim-chip-rank	css/aim.css	222
css	.aim-chip-num	css/aim.css	223
css	.aim-chip-val	css/aim.css	224
css	.aim-chip-excluded	css/aim.css	226
css	.aim-card	css/aim.css	236
css	.aim-drop-before	css/aim.css	236
css	.aim-card	css/aim.css	237
css	.aim-drop-after	css/aim.css	237
css	.aim-touch-ghost	css/aim.css	239
css	.aim-card-menu	css/aim.css	250
css	.aim-card-menu-title	css/aim.css	261
css	.aim-card-menu-item	css/aim.css	269
css	.aim-card-menu-item	css/aim.css	281
css	.aim-card-menu-item	css/aim.css	282
css	.current	css/aim.css	282
css	.aim-export-list	css/aim.css	286
css	.aim-export-head	css/aim.css	294
css	.aim-export-title	css/aim.css	295
css	.aim-export-sub	css/aim.css	296
css	.aim-export-section	css/aim.css	298
css	.aim-export-zone-label	css/aim.css	299
css	.aim-export-section	css/aim.css	306
css	.aim-export-top	css/aim.css	306
css	.aim-export-zone-label	css/aim.css	306
css	.aim-export-section	css/aim.css	307
css	.aim-export-high	css/aim.css	307
css	.aim-export-zone-label	css/aim.css	307
css	.aim-export-section	css/aim.css	308
css	.aim-export-other	css/aim.css	308
css	.aim-export-zone-label	css/aim.css	308
css	.aim-export-row	css/aim.css	310
css	.aim-export-name	css/aim.css	318
css	.aim-export-unit	css/aim.css	324
css	.aim-export-kubi-1	css/aim.css	333
css	.aim-export-kubi-2	css/aim.css	334
css	.aim-export-kubi-3	css/aim.css	335
css	.aim-export-empty	css/aim.css	336
css	.aim-preset-filters	css/aim.css	340
css	.aim-hidden-list	css/aim.css	348
css	.aim-hidden-group	css/aim.css	354
css	.aim-hidden-group-head	css/aim.css	355
css	.aim-hidden-group-name	css/aim.css	364
css	.aim-hidden-group-btns	css/aim.css	369
css	.aim-hidden-group-btns	css/aim.css	374
css	.aim-preset-hide	css/aim.css	374
css	.aim-hidden-group-btns	css/aim.css	377
css	.aim-group-rank5	css/aim.css	377
css	.aim-rank-off	css/aim.css	377
css	.aim-hidden-group-body	css/aim.css	381
css	.aim-hidden-item	css/aim.css	386
css	.aim-hidden-item	css/aim.css	394
css	.aim-hidden-count	css/aim.css	395
css	.aim-preset-show	css/aim.css	400
css	.aim-preset-hide	css/aim.css	400
css	.aim-rank-off	css/aim.css	401
css	.aim-rank3-off	css/aim.css	403
css	.aim-page-header	css/aim.css	407
css	.aim-page-header	css/aim.css	414
css	.aim-tabs	css/aim.css	416
css	.aim-tab	css/aim.css	417
css	.aim-tab	css/aim.css	426
css	.active	css/aim.css	426
css	.aim-date-picker	css/aim.css	433
css	.aim-date-picker	css/aim.css	439
css	.aim-date-day	css/aim.css	440
css	.aim-cloud-list	css/aim.css	445
css	.aim-author-input	css/aim.css	455
css	.aim-cloud-list	css/aim.css	456
css	.aim-review-controls	css/aim.css	460
css	.aim-sheet-picker	css/aim.css	467
css	.aim-sheet-picker	css/aim.css	473
css	.aim-sheet-picker	css/aim.css	474
css	.aim-review-summary	css/aim.css	486
css	.aim-review-stats	css/aim.css	487
css	.aim-review-stat	css/aim.css	492
css	.aim-review-stat-total	css/aim.css	499
css	.aim-review-stat-top	css/aim.css	500
css	.aim-review-stat-high	css/aim.css	501
css	.aim-review-stat-other	css/aim.css	502
css	.aim-review-stat-label	css/aim.css	503
css	.aim-review-stat-value	css/aim.css	504
css	.aim-review-stat-sub	css/aim.css	505
css	.aim-review-note	css/aim.css	506
css	.aim-review-zone	css/aim.css	508
css	.aim-review-zone-head	css/aim.css	509
css	.aim-review-zone	css/aim.css	517
css	.aim-review-zone-top	css/aim.css	517
css	.aim-review-zone-head	css/aim.css	517
css	.aim-review-zone	css/aim.css	518
css	.aim-review-zone-high	css/aim.css	518
css	.aim-review-zone-head	css/aim.css	518
css	.aim-review-zone	css/aim.css	519
css	.aim-review-zone-other	css/aim.css	519
css	.aim-review-zone-head	css/aim.css	519
css	.aim-review-zone-label	css/aim.css	520
css	.aim-review-zone-hit	css/aim.css	521
css	.aim-review-table	css/aim.css	523
css	.aim-review-table	css/aim.css	524
css	.aim-review-table	css/aim.css	524
css	.aim-review-table	css/aim.css	530
css	.aim-review-table	css/aim.css	531
css	.plus	css/aim.css	531
css	.aim-review-table	css/aim.css	532
css	.minus	css/aim.css	532
css	.aim-review-nodata	css/aim.css	533
css	.aim-review-nodata-cell	css/aim.css	534
css	.aim-review-empty-cell	css/aim.css	534
css	.aim-hit-badge	css/aim.css	539
css	.aim-hit-badge	css/aim.css	540
css	.hit	css/aim.css	540
css	.aim-hit-badge	css/aim.css	541
css	.miss	css/aim.css	541
sect	1. ツールバー / ヒント / 設定パネル	css/aim.css	15
sect	min-height / border-radius / font-size を統一クラスと揃える	css/aim.css	37
sect	空ガイド	css/aim.css	72
sect	2. ボード（3ゾーン）＋未配置エリア	css/aim.css	81
sect	3ゾーンは横並び3カラム	css/aim.css	90
sect	未配置エリアは下にフル幅	css/aim.css	98
sect	3ゾーンは縦に長めにして枠外ドロップを減らす	css/aim.css	139
sect	未配置は中身ぶんだけ（横に並べる）	css/aim.css	141
sect	3. 機種カード / 凹みチップ	css/aim.css	165
sect	4. ドラッグ関連	css/aim.css	234
sect	カードのタップメニュー（行き先選択）	css/aim.css	249
sect	5. 画像出力レイアウト	css/aim.css	284
sect	6. 機種除外リスト（プリセットグループ）	css/aim.css	338
sect	旧クラス名の後方互換	css/aim.css	402
sect	7. ページヘッダ / タブ / 日付ピッカー	css/aim.css	405
sect	入力系コンポーネントの共通見た目（高さを aim-btn と揃える）	css/aim.css	442
sect	8. 振り返りビュー	css/aim.css	458
sect	9. レスポンシブ	css/aim.css	543
sect	禁止BP修正: 720px → 768px	css/aim.css	545
sect	.aim-btn: btn-apply（Primary相当）と組み合わせる場合は高優先度サイズに	css/aim.css	554
sect	btn-small と組み合わせる場合は低優先度サイズに	css/aim.css	560
css	.table-wrapper	css/analysis.css	8
css	.has-scrollbar	css/analysis.css	8
css	.table-wrapper	css/analysis.css	13
css	.has-scrollbar	css/analysis.css	13
css	.fixed-columns	css/analysis.css	13
css	.table-wrapper	css/analysis.css	20
css	.has-scrollbar	css/analysis.css	20
css	.scroll-columns	css/analysis.css	20
css	.table-wrapper	css/analysis.css	27
css	.has-scrollbar	css/analysis.css	27
css	.scroll-columns	css/analysis.css	27
css	.table-wrapper	css/analysis.css	31
css	.has-scrollbar	css/analysis.css	31
css	.scroll-columns	css/analysis.css	31
css	.table-wrapper	css/analysis.css	36
css	.has-scrollbar	css/analysis.css	36
css	.scroll-columns	css/analysis.css	36
css	.table-wrapper	css/analysis.css	41
css	.has-scrollbar	css/analysis.css	41
css	.scroll-columns	css/analysis.css	41
css	#trend-scroll-table	css/analysis.css	46
css	#trend-fixed-table	css/analysis.css	51
css	#trend-fixed-table	css/analysis.css	56
css	#trend-fixed-table	css/analysis.css	64
css	#trend-scroll-table	css/analysis.css	70
css	.trend-modal-filters	css/analysis.css	77
css	.trend-filter-panel	css/analysis.css	84
css	.trend-quick-select	css/analysis.css	90
css	.date-range-section	css/analysis.css	98
css	.quick-select-row	css/analysis.css	104
css	.quick-select-row	css/analysis.css	111
css	.quick-select-row	css/analysis.css	116
css	.quick-select-btn	css/analysis.css	123
css	.quick-select-btn	css/analysis.css	138
css	.date-range-section	css/analysis.css	143
css	.date-range-type-row	css/analysis.css	149
css	.date-range-type-row	css/analysis.css	153
css	.date-select-row	css/analysis.css	163
css	.date-select-item	css/analysis.css	169
css	.date-select-item	css/analysis.css	175
css	.date-select-item	css/analysis.css	180
css	.date-select-item	css/analysis.css	190
css	.date-select-hint	css/analysis.css	195
css	.filter-logic-section	css/analysis.css	203
css	.filter-logic-toggle	css/analysis.css	209
css	.logic-btn	css/analysis.css	216
css	.logic-btn	css/analysis.css	233
css	.logic-btn	css/analysis.css	239
css	.active	css/analysis.css	239
css	.filter-logic-hint	css/analysis.css	245
css	.trend-filter-section	css/analysis.css	255
css	.trend-filter-section	css/analysis.css	259
css	.trend-filter-subsection	css/analysis.css	263
css	.trend-filter-subsection	css/analysis.css	267
css	.trend-filter-subsection	css/analysis.css	271
css	.trend-filter-buttons	css/analysis.css	277
css	.trend-filter-btn	css/analysis.css	284
css	.trend-filter-btn	css/analysis.css	300
css	.trend-filter-btn	css/analysis.css	306
css	.active	css/analysis.css	306
css	.trend-filter-btn	css/analysis.css	312
css	.trend-filter-special	css/analysis.css	312
css	.event-filter-list	css/analysis.css	319
css	.event-filter-btn	css/analysis.css	331
css	.event-filter-btn	css/analysis.css	348
css	.event-filter-btn	css/analysis.css	353
css	.active	css/analysis.css	353
css	.filter-apply-section	css/analysis.css	360
css	.filter-apply-btn	css/analysis.css	367
css	.filter-apply-btn	css/analysis.css	387
css	.active-filters-section	css/analysis.css	392
css	.active-filters-section	css/analysis.css	398
css	.active-filters-display	css/analysis.css	404
css	.filter-logic-badge	css/analysis.css	411
css	.active-filter-tag	css/analysis.css	420
css	.no-filter	css/analysis.css	430
css	.trend-filter-actions	css/analysis.css	437
css	.trend-selection-count	css/analysis.css	448
css	.period-label-inline	css/analysis.css	455
css	.trend-chart-container	css/analysis.css	464
css	.chart-header	css/analysis.css	471
css	.chart-header	css/analysis.css	482
css	.chart-controls	css/analysis.css	488
css	.chart-controls	css/analysis.css	495
css	.chart-controls	css/analysis.css	504
css	.chart-controls	css/analysis.css	511
css	.chart-wrapper	css/analysis.css	516
css	#trendMachineSummaryWrapper	css/analysis.css	644
css	.trend-mc-pagination	css/analysis.css	649
css	.trend-mc-pager	css/analysis.css	657
css	.trend-mc-pager	css/analysis.css	671
css	.trend-mc-pager	css/analysis.css	675
css	.trend-mc-page-btns	css/analysis.css	680
css	.trend-mc-page-btn	css/analysis.css	687
css	.trend-mc-page-btn	css/analysis.css	701
css	.trend-mc-page-btn	css/analysis.css	705
css	.active	css/analysis.css	705
css	.trend-mc-page-info	css/analysis.css	712
css	.trend-machine-summary-cards	css/analysis.css	719
css	.trend-mc-card	css/analysis.css	726
css	.trend-mc-name	css/analysis.css	737
css	.trend-mc-units	css/analysis.css	745
css	.trend-mc-total	css/analysis.css	751
css	.trend-mc-total	css/analysis.css	757
css	.plus	css/analysis.css	757
css	.trend-mc-total	css/analysis.css	758
css	.minus	css/analysis.css	758
css	.trend-mc-label	css/analysis.css	760
css	.trend-mc-stats	css/analysis.css	766
css	.trend-mc-stat	css/analysis.css	772
css	.trend-mc-stat-label	css/analysis.css	778
css	.trend-mc-stat-val	css/analysis.css	783
css	.trend-mc-stat-val	css/analysis.css	789
css	.plus	css/analysis.css	789
css	.trend-mc-stat-val	css/analysis.css	790
css	.minus	css/analysis.css	790
css	.trend-mc-nodata	css/analysis.css	792
css	.analysis-subtabs	css/analysis.css	808
css	.analysis-subtab	css/analysis.css	809
css	.analysis-subtab	css/analysis.css	811
css	.active	css/analysis.css	811
css	.analysis-tab-panel	css/analysis.css	812
css	.analysis-tab-panel	css/analysis.css	813
css	.active	css/analysis.css	813
css	.kubi-series-checks	css/analysis.css	815
css	.kubi-series-item	css/analysis.css	816
css	#kubi-table	css/analysis.css	817
css	.kubi-grp-head	css/analysis.css	817
css	.kubi-section	css/analysis.css	820
css	.kubi-section-title	css/analysis.css	825
css	.kubi-avg-cards	css/analysis.css	830
css	.kubi-avg-card	css/analysis.css	831
css	.kubi-avg-name	css/analysis.css	836
css	.kubi-avg-row	css/analysis.css	837
css	.kubi-avg-row	css/analysis.css	838
css	.plus	css/analysis.css	838
css	.kubi-avg-row	css/analysis.css	839
css	.minus	css/analysis.css	839
css	.kubi-charts-row	css/analysis.css	840
css	.kubi-charts-row	css/analysis.css	841
css	.trend-chart-container	css/analysis.css	841
css	#kubi-table	css/analysis.css	842
css	.kubi-table	css/analysis.css	842
css	.kubi-table	css/analysis.css	843
css	.kubi-grp-head	css/analysis.css	843
css	.sc-period-row	css/analysis.css	848
css	.sc-period-label	css/analysis.css	849
css	.sc-slider-row	css/analysis.css	851
css	.sc-slider-row	css/analysis.css	852
css	.sc-val	css/analysis.css	853
css	.sc-btn-row	css/analysis.css	855
css	.sc-suffix-btn	css/analysis.css	856
css	.sc-suffix-btn	css/analysis.css	863
css	.on	css/analysis.css	863
css	.sc-count-row	css/analysis.css	865
css	.sc-num	css/analysis.css	866
css	.sc-num	css/analysis.css	870
css	.sc-hint	css/analysis.css	871
css	.sc-kpi-row	css/analysis.css	873
css	.sc-kpi	css/analysis.css	874
css	.sc-kpi	css/analysis.css	876
css	.label	css/analysis.css	876
css	.sc-kpi	css/analysis.css	877
css	.val	css/analysis.css	877
css	.sc-kpi	css/analysis.css	878
css	.sub	css/analysis.css	878
css	.sc-grid2	css/analysis.css	880
css	.sc-chart-box	css/analysis.css	881
css	.sc-rank-basis-row	css/analysis.css	890
css	.sc-rank-basis-row	css/analysis.css	891
css	.sc-rank-basis-row	css/analysis.css	892
css	.sc-rank-btn	css/analysis.css	898
css	.sc-rank-btn	css/analysis.css	905
css	.on	css/analysis.css	905
sect	スクロールバースタイル	css/analysis.css	26
sect	クイック選択	css/analysis.css	89
sect	.quick-select-btn: Primary相当（絞り込み実行） — btn-primary ベースに上書き	css/analysis.css	122
sect	日付コンボ選択	css/analysis.css	142
sect	条件の結合方式	css/analysis.css	202
sect	.logic-btn: Secondary相当（AND/OR 切り替えトグル）	css/analysis.css	215
sect	クイックフィルターボタン	css/analysis.css	254
sect	.trend-filter-btn: Ghost相当（密集フィルターチップ） — 小さめ36px維持	css/analysis.css	283
sect	イベントフィルターリスト	css/analysis.css	318
sect	.event-filter-btn: Ghost相当（イベント選択チップ） — スクロール一覧内の小型チップ	css/analysis.css	330
sect	フィルター適用ボタン	css/analysis.css	359
sect	.filter-apply-btn: Primary相当（フィルター適用） — btn-primary と同仕様	css/analysis.css	366
sect	アクティブフィルター表示	css/analysis.css	391
sect	フィルターアクション	css/analysis.css	436
sect	期間ラベル	css/analysis.css	454
sect	日付選択行	css/analysis.css	536
sect	グラフ	css/analysis.css	595
sect	ラッパー（ページネーション＋カード全体）	css/analysis.css	643
sect	ページネーションバー	css/analysis.css	648
sect	.trend-mc-page-btn: Ghost相当（機種別ページネーション）	css/analysis.css	686
sect	カード一覧	css/analysis.css	718
sect	凹みタブ 機種セクション	css/analysis.css	819
css	.calendar-container	css/calendar.css	8
css	.calendar-header	css/calendar.css	17
css	.calendar-header	css/calendar.css	27
css	.calendar-header	css/calendar.css	34
css	.calendar-header	css/calendar.css	49
css	.calendar-filter-container	css/calendar.css	56
css	.calendar-filters	css/calendar.css	65
css	.calendar-filters	css/calendar.css	74
css	.filter-group	css/calendar.css	74
css	.calendar-filters	css/calendar.css	83
css	.filter-group	css/calendar.css	83
css	.calendar-filters	css/calendar.css	91
css	.multi-select-filter	css/calendar.css	91
css	.calendar-filters	css/calendar.css	99
css	.multi-select-dropdown	css/calendar.css	99
css	.calendar-filters	css/calendar.css	103
css	.btn-small	css/calendar.css	103
css	.calendar-scroll-wrapper	css/calendar.css	111
css	.calendar-scroll-wrapper	css/calendar.css	119
css	.calendar-scroll-wrapper	css/calendar.css	123
css	.calendar-scroll-wrapper	css/calendar.css	128
css	.calendar-scroll-wrapper	css/calendar.css	133
css	.calendar-weekdays	css/calendar.css	140
css	.calendar-weekdays	css/calendar.css	149
css	.weekday	css/calendar.css	149
css	.calendar-weekdays	css/calendar.css	157
css	.weekday	css/calendar.css	157
css	.sunday	css/calendar.css	157
css	.calendar-weekdays	css/calendar.css	161
css	.weekday	css/calendar.css	161
css	.saturday	css/calendar.css	161
css	.calendar-days	css/calendar.css	165
css	.calendar-day	css/calendar.css	176
css	.calendar-day	css/calendar.css	184
css	.empty	css/calendar.css	184
css	.calendar-day	css/calendar.css	190
css	.has-data	css/calendar.css	190
css	.calendar-day	css/calendar.css	194
css	.has-event	css/calendar.css	194
css	.calendar-day	css/calendar.css	198
css	.filtered-out	css/calendar.css	198
css	.calendar-day	css/calendar.css	202
css	.sunday	css/calendar.css	202
css	.day-number	css/calendar.css	202
css	.calendar-day	css/calendar.css	206
css	.saturday	css/calendar.css	206
css	.day-number	css/calendar.css	206
css	.calendar-day	css/calendar.css	210
css	.day-number	css/calendar.css	210
css	.calendar-day	css/calendar.css	217
css	.clickable	css/calendar.css	217
css	.calendar-day	css/calendar.css	223
css	.clickable	css/calendar.css	223
css	.calendar-day	css/calendar.css	230
css	.clickable	css/calendar.css	230
css	.calendar-day	css/calendar.css	234
css	.clickable	css/calendar.css	234
css	.calendar-day	css/calendar.css	248
css	.clickable	css/calendar.css	248
css	.calendar-day	css/calendar.css	252
css	.clickable	css/calendar.css	252
css	.day-number	css/calendar.css	252
css	.calendar-day	css/calendar.css	260
css	.clickable	css/calendar.css	260
css	.day-number	css/calendar.css	260
css	.calendar-day	css/calendar.css	267
css	.event-badges	css/calendar.css	267
css	.event-badge	css/calendar.css	274
css	.event-icon	css/calendar.css	286
css	.event-name	css/calendar.css	291
css	.event-performers	css/calendar.css	298
css	.calendar-day	css/calendar.css	313
css	.histogram	css/calendar.css	313
css	.calendar-day	css/calendar.css	319
css	.bar-row	css/calendar.css	319
css	.calendar-day	css/calendar.css	326
css	.bar-label	css/calendar.css	326
css	.calendar-day	css/calendar.css	333
css	.bar-track	css/calendar.css	333
css	.calendar-day	css/calendar.css	342
css	.bar	css/calendar.css	342
css	.calendar-day	css/calendar.css	348
css	.bar-value	css/calendar.css	348
css	.calendar-day	css/calendar.css	356
css	.bar-value	css/calendar.css	356
css	.plus	css/calendar.css	356
css	.calendar-day	css/calendar.css	360
css	.bar-value	css/calendar.css	360
css	.minus	css/calendar.css	360
css	.calendar-day	css/calendar.css	364
css	.bar	css/calendar.css	364
css	.bar-avg-sa	css/calendar.css	364
css	.plus	css/calendar.css	364
css	.calendar-day	css/calendar.css	368
css	.bar	css/calendar.css	368
css	.bar-avg-sa	css/calendar.css	368
css	.minus	css/calendar.css	368
css	.calendar-day	css/calendar.css	372
css	.bar	css/calendar.css	372
css	.bar-avg-game	css/calendar.css	372
css	.calendar-day	css/calendar.css	376
css	.bar	css/calendar.css	376
css	.bar-win-rate	css/calendar.css	376
css	.calendar-day	css/calendar.css	380
css	.bar	css/calendar.css	380
css	.bar-total-sa	css/calendar.css	380
css	.plus	css/calendar.css	380
css	.calendar-day	css/calendar.css	384
css	.bar	css/calendar.css	384
css	.bar-total-sa	css/calendar.css	384
css	.minus	css/calendar.css	384
css	.calendar-legend	css/calendar.css	391
css	.legend-item	css/calendar.css	400
css	.legend-bar	css/calendar.css	408
css	.legend-bar	css/calendar.css	414
css	.avg-sa	css/calendar.css	414
css	.legend-bar	css/calendar.css	418
css	.avg-game	css/calendar.css	418
css	.legend-bar	css/calendar.css	422
css	.win-rate	css/calendar.css	422
css	.legend-bar	css/calendar.css	426
css	.total-sa	css/calendar.css	426
css	.calendar-month-summary	css/calendar.css	433
css	.month-summary-item	css/calendar.css	444
css	.month-summary-item	css/calendar.css	452
css	.main	css/calendar.css	452
css	.month-summary-item	css/calendar.css	458
css	.summary-label	css/calendar.css	458
css	.month-summary-item	css/calendar.css	464
css	.summary-value	css/calendar.css	464
css	.month-summary-item	css/calendar.css	470
css	.main	css/calendar.css	470
css	.summary-value	css/calendar.css	470
css	.month-summary-divider	css/calendar.css	474
css	.weekly-rec-badges	css/calendar.css	483
css	.weekly-rec-badge	css/calendar.css	490
css	.weekly-rec-badge	css/calendar.css	503
css	.rec-icon	css/calendar.css	503
css	.weekly-rec-badge	css/calendar.css	508
css	.rec-text	css/calendar.css	508
css	.calendar-trend-section	css/calendar.css	733
css	.calendar-trend-chart-wrapper	css/calendar.css	739
css	.calendar-trend-chart-wrapper	css/calendar.css	749
css	.loading	css/calendar.css	749
css	.calendar-trend-no-data	css/calendar.css	763
css	.calendar-trend-legend	css/calendar.css	772
css	.calendar-trend-legend-item	css/calendar.css	780
css	.calendar-trend-legend-color	css/calendar.css	788
css	.calendar-list	css/calendar.css	886
css	.calendar-list-item	css/calendar.css	906
css	.calendar-list-item	css/calendar.css	918
css	.clickable	css/calendar.css	918
css	.calendar-list-item	css/calendar.css	923
css	.clickable	css/calendar.css	923
css	.cli-date	css/calendar.css	928
css	.cli-date	css/calendar.css	937
css	.cli-day	css/calendar.css	937
css	.cli-date	css/calendar.css	943
css	.cli-dow	css/calendar.css	943
css	.cli-date	css/calendar.css	950
css	.sunday	css/calendar.css	950
css	.cli-dow	css/calendar.css	950
css	.cli-date	css/calendar.css	955
css	.saturday	css/calendar.css	955
css	.cli-dow	css/calendar.css	955
css	.cli-body	css/calendar.css	960
css	.cli-recs	css/calendar.css	970
css	.cli-stats	css/calendar.css	977
css	.cli-stat	css/calendar.css	983
css	.cli-stat-label	css/calendar.css	989
css	.cli-stat-value	css/calendar.css	994
css	.cli-stat-value	css/calendar.css	999
css	.plus	css/calendar.css	999
css	.cli-stat-value	css/calendar.css	1003
css	.minus	css/calendar.css	1003
css	.cli-nodata	css/calendar.css	1007
css	.cli-arrow	css/calendar.css	1013
css	.calendar-list-empty	css/calendar.css	1022
sect	min-height:36px は .btn-small 共通ルールを継承	css/calendar.css	105
sect	クリック可能な日付	css/calendar.css	216
sect	カレンダークリック - タッチ対応	css/calendar.css	620
sect	月間サマリー	css/calendar.css	635
sect	週間おすすめ	css/calendar.css	673
sect	グラフ凡例	css/calendar.css	771
sect	デフォルト（PC・タブレット）はリストを隠し、グリッドを表示	css/calendar.css	885
sect	スマホ（≤480px）ではグリッド系を隠してリストを表示	css/calendar.css	890
sect	日付部分	css/calendar.css	927
sect	本体	css/calendar.css	959
sect	統計値: ラベル＋値を横並び、複数指標を横フロー	css/calendar.css	976
sect	遷移矢印	css/calendar.css	1012
css	.collapsible	css/components.css	9
css	.collapsible	css/components.css	16
css	.collapsible	css/components.css	26
css	.collapsible	css/components.css	30
css	.open	css/components.css	30
css	.collapsible	css/components.css	35
css	.toggle-icon	css/components.css	44
css	.collapsible	css/components.css	50
css	.open	css/components.css	50
css	.toggle-icon	css/components.css	50
css	.collapsible	css/components.css	55
css	.collapsible	css/components.css	62
css	.open	css/components.css	62
css	.filter-badge	css/components.css	69
css	.filter-section	css/components.css	82
css	.filter-section	css/components.css	88
css	.filter-section	css/components.css	94
css	.filter-row	css/components.css	100
css	.filter-item	css/components.css	107
css	.filter-item	css/components.css	116
css	.filter-item	css/components.css	122
css	.filter-buttons	css/components.css	127
css	.filter-info	css/components.css	133
css	.active-filter	css/components.css	138
css	.filter-hint	css/components.css	147
css	.column-selector-controls	css/components.css	157
css	.column-checkboxes	css/components.css	163
css	.column-checkbox-item	css/components.css	169
css	.column-checkbox-item	css/components.css	182
css	.column-checkbox-item	css/components.css	187
css	.column-checkbox-item	css/components.css	194
css	.column-checkbox-item	css/components.css	198
css	.searchable-select	css/components.css	206
css	.searchable-select-display	css/components.css	211
css	.searchable-select-display	css/components.css	226
css	.searchable-select-display	css/components.css	230
css	.open	css/components.css	230
css	.multi-select-text	css/components.css	237
css	.multi-select-arrow	css/components.css	245
css	.multi-select-display	css/components.css	254
css	.open	css/components.css	254
css	.multi-select-arrow	css/components.css	254
css	.searchable-select-dropdown	css/components.css	258
css	.searchable-select-dropdown	css/components.css	275
css	.open	css/components.css	275
css	.searchable-select-search	css/components.css	279
css	.searchable-select-search	css/components.css	290
css	.searchable-select-search	css/components.css	295
css	.searchable-select-options	css/components.css	299
css	.searchable-select-option	css/components.css	305
css	.searchable-select-option	css/components.css	312
css	.searchable-select-option	css/components.css	316
css	.selected	css/components.css	316
css	.searchable-select-option	css/components.css	321
css	.highlighted	css/components.css	321
css	.searchable-select-option	css/components.css	326
css	.selected	css/components.css	326
css	.highlighted	css/components.css	326
css	.searchable-select-separator	css/components.css	330
css	.searchable-select-no-results	css/components.css	341
css	.multi-select-options	css/components.css	350
css	.multi-select-options	css/components.css	355
css	.multi-select-options	css/components.css	360
css	.multi-select-options	css/components.css	366
css	.multi-select-filter	css/components.css	373
css	.multi-select-display	css/components.css	378
css	.multi-select-display	css/components.css	393
css	.multi-select-display	css/components.css	397
css	.open	css/components.css	397
css	.multi-select-count	css/components.css	403
css	.multi-select-dropdown	css/components.css	409
css	.multi-select-dropdown	css/components.css	427
css	.open	css/components.css	427
css	.multi-select-controls	css/components.css	431
css	.multi-select-search	css/components.css	438
css	.multi-select-search	css/components.css	449
css	.multi-select-search	css/components.css	454
css	.multi-select-buttons	css/components.css	458
css	.multi-select-btn	css/components.css	464
css	.multi-select-btn	css/components.css	480
css	.multi-select-options	css/components.css	486
css	.multi-select-option	css/components.css	493
css	.multi-select-option	css/components.css	503
css	.multi-select-option	css/components.css	507
css	.multi-select-option	css/components.css	519
css	.option-label	css/components.css	519
css	.multi-select-option	css/components.css	529
css	.option-count	css/components.css	529
css	.multi-select-option	css/components.css	539
css	.option-label	css/components.css	539
css	.multi-select-no-results	css/components.css	544
css	.multi-select-threshold	css/components.css	552
css	.multi-select-threshold-input	css/components.css	559
css	.multi-select-threshold-input	css/components.css	572
css	.multi-select-threshold-input	css/components.css	577
css	.multi-select-threshold-label	css/components.css	582
css	.multi-select-threshold	css/components.css	589
css	.multi-select-btn	css/components.css	589
css	.multi-select-preset-section	css/components.css	598
css	.preset-row	css/components.css	604
css	.preset-row	css/components.css	610
css	.preset-select	css/components.css	610
css	.preset-row	css/components.css	621
css	.preset-select	css/components.css	621
css	.preset-row	css/components.css	627
css	.preset-apply-btn	css/components.css	627
css	.preset-row	css/components.css	640
css	.preset-apply-btn	css/components.css	640
css	.position-tags	css/components.css	651
css	.position-tag	css/components.css	660
css	.position-tag	css/components.css	673
css	.compact	css/components.css	673
css	.position-tag-more	css/components.css	678
css	.position-filter-container	css/components.css	716
css	.position-filter-logic	css/components.css	724
css	.position-logic-btn	css/components.css	731
css	.position-logic-btn	css/components.css	744
css	.position-logic-btn	css/components.css	748
css	.position-logic-btn	css/components.css	752
css	.position-logic-btn	css/components.css	756
css	.active	css/components.css	756
css	.position-filter-tags	css/components.css	762
css	.position-filter-btn	css/components.css	769
css	.position-filter-btn	css/components.css	784
css	.position-filter-btn	css/components.css	788
css	.active	css/components.css	788
css	.position-filter-clear	css/components.css	794
css	.position-filter-clear	css/components.css	806
css	.position-filter-status	css/components.css	812
css	.calendar-modal	css/components.css	825
css	.calendar-modal	css/components.css	838
css	.active	css/components.css	838
css	.calendar-modal-content	css/components.css	842
css	.calendar-modal-large	css/components.css	852
css	.calendar-modal-header	css/components.css	857
css	.calendar-modal-header	css/components.css	865
css	.close-btn	css/components.css	871
css	.close-btn	css/components.css	886
css	.calendar-modal-body	css/components.css	890
css	.calendar-modal-large	css/components.css	896
css	.calendar-modal-body	css/components.css	896
css	.calendar-modal-footer	css/components.css	901
css	.date-checkbox-list	css/components.css	910
css	.date-checkbox-item	css/components.css	916
css	.date-checkbox-item	css/components.css	928
css	.date-checkbox-item	css/components.css	932
css	.date-checkbox-item	css/components.css	940
css	.date-checkbox-item	css/components.css	948
css	.day-of-week	css/components.css	948
css	.date-checkbox-item	css/components.css	955
css	.day-of-week	css/components.css	955
css	.sunday	css/components.css	955
css	.date-checkbox-item	css/components.css	959
css	.day-of-week	css/components.css	959
css	.saturday	css/components.css	959
css	.date-event-info	css/components.css	963
css	.date-tag	css/components.css	977
css	.date-tag	css/components.css	985
css	.month-day	css/components.css	985
css	.date-tag	css/components.css	990
css	.double-digit	css/components.css	990
css	.tag-groups-list	css/components.css	998
css	.tag-group	css/components.css	1004
css	.tag-group-header	css/components.css	1011
css	.tag-group-title	css/components.css	1020
css	.tag-group-title	css/components.css	1029
css	.group-number	css/components.css	1029
css	.tag-group-remove	css/components.css	1041
css	.tag-group-remove	css/components.css	1060
css	.tag-group-body	css/components.css	1065
css	.tag-group-or-divider	css/components.css	1073
css	.tag-group-or-divider	css/components.css	1081
css	.tag-group-or-label	css/components.css	1088
css	.tag-condition-row	css/components.css	1099
css	.tag-condition-row	css/components.css	1107
css	.tag-condition-row	css/components.css	1118
css	.tag-condition-row	css/components.css	1123
css	.condition-column	css/components.css	1123
css	.tag-condition-row	css/components.css	1127
css	.condition-operator	css/components.css	1127
css	.tag-condition-row	css/components.css	1131
css	.condition-value	css/components.css	1131
css	.tag-condition-unit	css/components.css	1135
css	.tag-condition-and-label	css/components.css	1141
css	.tag-condition-remove	css/components.css	1148
css	.tag-condition-remove	css/components.css	1167
css	.tag-group-add-condition	css/components.css	1172
css	.tag-group-add-condition	css/components.css	1187
css	.tag-groups-actions	css/components.css	1194
css	.tag-def-block	css/components.css	1200
css	.tag-def-header	css/components.css	1208
css	.tag-def-header-left	css/components.css	1218
css	.tag-def-icon	css/components.css	1226
css	.tag-def-name-input	css/components.css	1232
css	.tag-def-name-input	css/components.css	1245
css	.tag-def-color-picker	css/components.css	1250
css	.tag-color-btn	css/components.css	1256
css	.tag-color-btn	css/components.css	1267
css	.tag-color-btn	css/components.css	1271
css	.active	css/components.css	1271
css	.tag-def-remove-btn	css/components.css	1276
css	.tag-def-remove-btn	css/components.css	1294
css	.tag-def-body	css/components.css	1300
css	.tag-defs-empty	css/components.css	1307
css	.tag-defs-actions	css/components.css	1318
css	.custom-tag-badge	css/components.css	1327
css	.tag-preset-row	css/components.css	1341
css	.tag-preset-label	css/components.css	1350
css	.tag-preset-buttons	css/components.css	1356
css	.tag-display-row	css/components.css	1365
css	.tag-count-display	css/components.css	1374
css	.daily-filter-groups	css/components.css	1382
css	.filter-groups-empty	css/components.css	1389
css	.terminal-home	css/components.css	1620
css	.terminal-lead	css/components.css	1621
css	.terminal-menu	css/components.css	1622
css	.terminal-card	css/components.css	1627
css	.terminal-card	css/components.css	1635
css	.terminal-card-icon	css/components.css	1636
css	.terminal-card-title	css/components.css	1637
css	.terminal-card-desc	css/components.css	1638
css	.page-nav	css/components.css	1641
css	.page-nav-btn	css/components.css	1649
css	.page-nav-btn	css/components.css	1665
css	.page-nav-btn	css/components.css	1670
css	.active	css/components.css	1670
css	.back-to-home	css/components.css	1689
css	.back-to-home	css/components.css	1694
css	.promo-ranking-section	css/components.css	1697
css	.promo-rank-no	css/components.css	1698
css	.promo-rank-machines	css/components.css	1699
css	.promo-rank-machine-block	css/components.css	1702
css	.promo-rank-table	css/components.css	1703
sect	折りたたみコンテンツ	css/components.css	54
sect	フィルターバッジ	css/components.css	68
sect	ドロップダウン内スクロールバー共通	css/components.css	348
sect	.multi-select-btn: Secondary相当（全選・全解除などドロップ内ボタン）	css/components.css	463
sect	台数選択	css/components.css	551
sect	テーブル内位置タグ	css/components.css	688
sect	位置列を中央揃え	css/components.css	708
sect	.position-logic-btn: Ghost相当（AND/OR切替トグル） — 角丸だけ変数参照に統一	css/components.css	730
sect	日付チェックリスト	css/components.css	909
sect	日付タグ	css/components.css	976
sect	OR区切りラベル	css/components.css	1072
sect	条件行	css/components.css	1098
sect	グループ追加ボタン	css/components.css	1193
sect	タグ定義ブロック	css/components.css	1199
sect	カスタムタグバッジ（テーブル内）	css/components.css	1326
sect	プリセット	css/components.css	1340
sect	.preset-btn は style.css で Secondary 相当として一元定義済み → ここでは削除	css/components.css	1362
sect	タグ表示オプション	css/components.css	1364
sect	数値フィルターグループ	css/components.css	1381
sect	禁止BP修正: 600px → 480px	css/components.css	1399
sect	複数選択ドロップダウン - モバイル固定位置	css/components.css	1413
sect	位置タグ	css/components.css	1442
sect	モーダル	css/components.css	1487
sect	タグ条件	css/components.css	1513
sect	プリセット	css/components.css	1574
sect	multi-select内ボタン	css/components.css	1585
sect	ページナビゲーションバー	css/components.css	1640
sect	禁止BP修正: 600px → 480px	css/components.css	1678
sect	後方互換：旧 back-to-home ボタン（使用箇所が残っている場合のフォールバック）	css/components.css	1688
sect	その日の全台ランキング	css/components.css	1696
css	#data-table	css/daily.css	32
css	.col-fixed-machine	css/daily.css	32
css	#data-table	css/daily.css	49
css	.col-fixed-unit	css/daily.css	49
css	#data-table	css/daily.css	62
css	.col-fixed-unit	css/daily.css	62
css	#data-table	css/daily.css	71
css	.col-fixed-machine	css/daily.css	71
css	.sortable	css/daily.css	71
css	#data-table	css/daily.css	77
css	.col-fixed-unit	css/daily.css	77
css	#data-table	css/daily.css	81
css	.col-fixed-unit	css/daily.css	81
css	.daily-filter-bar	css/daily.css	89
css	.daily-filter-btn-group	css/daily.css	97
css	.daily-filter-btn	css/daily.css	104
css	.daily-filter-btn	css/daily.css	123
css	.daily-filter-btn	css/daily.css	128
css	.dfb-icon	css/daily.css	128
css	.daily-filter-btn	css/daily.css	132
css	.dfb-label	css/daily.css	132
css	.daily-filter-btn	css/daily.css	137
css	.dfb-preview	css/daily.css	137
css	.daily-filter-btn	css/daily.css	148
css	.dfb-preview	css/daily.css	148
css	.active	css/daily.css	148
css	.daily-tag-preview-badge	css/daily.css	152
css	.daily-filter-tagged-only	css/daily.css	163
css	.daily-filter-tagged-only	css/daily.css	172
css	.tag-count-display	css/daily.css	172
css	.active-filter-bar	css/daily.css	181
css	.active-filter-bar	css/daily.css	194
css	.has-chips	css/daily.css	194
css	.filter-chip	css/daily.css	200
css	.filter-chip-label	css/daily.css	221
css	.filter-chip-remove	css/daily.css	227
css	.filter-chip-remove	css/daily.css	246
css	.filter-chip	css/daily.css	251
css	.chip-search	css/daily.css	251
css	.filter-chip	css/daily.css	256
css	.chip-machine	css/daily.css	256
css	.filter-chip	css/daily.css	261
css	.chip-numfilter	css/daily.css	261
css	.filter-chip	css/daily.css	266
css	.chip-tag	css/daily.css	266
css	.filter-chip	css/daily.css	271
css	.chip-taggedonly	css/daily.css	271
css	.filter-chip	css/daily.css	276
css	.chip-sort	css/daily.css	276
css	.chip-badge-filter	css/daily.css	281
css	.filter-chip-clear-all	css/daily.css	287
css	.filter-chip-clear-all	css/daily.css	304
css	.app-modal	css/daily.css	313
css	.app-modal	css/daily.css	325
css	.open	css/daily.css	325
css	.app-modal-content	css/daily.css	329
css	.app-modal-header	css/daily.css	340
css	.app-modal-header	css/daily.css	349
css	.app-modal-header	css/daily.css	355
css	.close-btn	css/daily.css	355
css	.app-modal-header	css/daily.css	365
css	.close-btn	css/daily.css	365
css	.app-modal-body	css/daily.css	369
css	.app-modal-footer	css/daily.css	375
css	.app-modal-footer	css/daily.css	385
css	.modal-btn	css/daily.css	385
css	.app-modal-footer	css/daily.css	390
css	.modal-btn	css/daily.css	390
css	.primary	css/daily.css	390
css	.daily-event-info	css/daily.css	400
css	.daily-event-badges	css/daily.css	409
css	.daily-event-badge	css/daily.css	416
css	.event-summary	css/daily.css	427
css	.event-summary-section	css/daily.css	437
css	.event-summary-label	css/daily.css	444
css	.event-summary-item	css/daily.css	450
css	.event-summary-item	css/daily.css	461
css	.performer-item	css/daily.css	461
css	.event-summary-more	css/daily.css	466
css	#dateSelect	css/daily.css	477
css	.date-select-hidden	css/daily.css	486
css	.current-date-trigger	css/daily.css	491
css	.current-date-trigger	css/daily.css	508
css	.current-date-trigger	css/daily.css	509
css	.current-date-trigger	css/daily.css	510
css	.current-date	css/daily.css	510
css	.current-date-trigger	css/daily.css	511
css	.current-date-cal-icon	css/daily.css	511
css	.date-picker	css/daily.css	514
css	.date-picker-header	css/daily.css	518
css	.date-picker-nav	css/daily.css	526
css	.date-picker-nav	css/daily.css	541
css	.date-picker-nav	css/daily.css	542
css	.date-picker-month-label	css/daily.css	544
css	.date-picker-weekdays	css/daily.css	551
css	.date-picker-weekday	css/daily.css	558
css	.date-picker-weekday	css/daily.css	564
css	.dow-sat	css/daily.css	564
css	.date-picker-weekday	css/daily.css	565
css	.dow-sun	css/daily.css	565
css	.date-picker-grid	css/daily.css	568
css	.date-picker-cell	css/daily.css	575
css	.date-picker-cell	css/daily.css	591
css	.date-picker-cell	css/daily.css	594
css	.is-empty	css/daily.css	594
css	.date-picker-cell	css/daily.css	601
css	.no-data	css/daily.css	601
css	.date-picker-cell	css/daily.css	607
css	.no-data	css/daily.css	607
css	.date-picker-cell	css/daily.css	610
css	.is-current	css/daily.css	610
css	.date-picker-cell	css/daily.css	618
css	.is-virtual	css/daily.css	618
css	.date-picker-cell	css/daily.css	623
css	.cell-mark	css/daily.css	623
css	.suffix-stats-block	css/daily.css	633
css	.collapsible	css/daily.css	633
css	.suffix-stats-header	css/daily.css	641
css	.suffix-stats-header	css/daily.css	651
css	.suffix-stats-header	css/daily.css	655
css	.open	css/daily.css	655
css	.suffix-stats-header	css/daily.css	660
css	.block-title	css/daily.css	660
css	.suffix-stats-header	css/daily.css	671
css	.toggle-icon	css/daily.css	671
css	.suffix-stats-header	css/daily.css	677
css	.open	css/daily.css	677
css	.toggle-icon	css/daily.css	677
css	.suffix-stats-content	css/daily.css	681
css	.suffix-stats-content	css/daily.css	688
css	.open	css/daily.css	688
css	.suffix-stats-table	css/daily.css	694
css	.suffix-stats-table	css/daily.css	698
css	.no-data	css/daily.css	698
css	.suffix-stats-table	css/daily.css	702
css	.no-data	css/daily.css	702
css	.suffix-table-actions	css/daily.css	706
css	.suffix-table-actions	css/daily.css	713
css	.btn-download	css/daily.css	713
css	#data-table	css/daily.css	722
css	.sortable	css/daily.css	722
css	#data-table	css/daily.css	730
css	.sortable	css/daily.css	730
css	#data-table	css/daily.css	734
css	.sort-icon	css/daily.css	734
css	#data-table	css/daily.css	748
css	.sort-desc	css/daily.css	748
css	.sort-icon	css/daily.css	748
css	.badge-recalc-row	css/daily.css	774
css	.badge-recalc-hint	css/daily.css	782
css	.badge-filter-row	css/daily.css	813
css	.badge-filter-label	css/daily.css	824
css	.badge-filter-label	css/daily.css	834
css	.badge-filter-label	css/daily.css	842
css	.mb-rank-item	css/daily.css	850
css	.mb-rank-item	css/daily.css	856
css	.mb-rank-checks	css/daily.css	861
css	.mb-rank-label	css/daily.css	866
css	.mb-rank-label	css/daily.css	876
css	.tag-ref-date-row	css/daily.css	887
css	.tag-ref-date-label	css/daily.css	897
css	.tag-ref-file-select	css/daily.css	904
css	.tag-ref-file-select	css/daily.css	914
css	.tag-ref-date-badge	css/daily.css	919
css	.tag-bulk-apply-section	css/daily.css	934
css	.tag-bulk-apply-header	css/daily.css	942
css	.tag-bulk-apply-title	css/daily.css	950
css	.tag-bulk-apply-hint	css/daily.css	956
css	.tag-bulk-apply-row	css/daily.css	961
css	.tag-bulk-select	css/daily.css	968
css	.tag-bulk-btn	css/daily.css	981
css	.tag-unit-list-row	css/daily.css	989
css	.tag-unit-list-label	css/daily.css	1000
css	.tag-unit-list-preview	css/daily.css	1006
css	.tag-unit-list-clear-btn	css/daily.css	1016
css	.tag-unit-badge-count	css/daily.css	1022
css	.unit-status-badge	css/daily.css	1036
css	.unit-status-badge	css/daily.css	1046
css	.us-new	css/daily.css	1046
css	.unit-status-badge	css/daily.css	1047
css	.us-add	css/daily.css	1047
css	.unit-status-badge	css/daily.css	1048
css	.us-remove	css/daily.css	1048
css	.unit-status-badge	css/daily.css	1049
css	.us-move	css/daily.css	1049
css	.unit-status-badge	css/daily.css	1050
css	.us-withdraw	css/daily.css	1050
css	.unit-age-fresh	css/daily.css	1052
css	.withdrawn-content	css/daily.css	1057
css	.withdrawn-content	css/daily.css	1060
css	.open	css/daily.css	1060
css	.table-loading-overlay	css/daily.css	1068
css	.table-loading-overlay	css/daily.css	1072
css	.table-loading-overlay	css/daily.css	1084
css	.is-loading	css/daily.css	1084
css	.skeleton-tbody	css/daily.css	1089
css	.skeleton-cell	css/daily.css	1093
css	.table-spinner-row	css/daily.css	1112
css	.inline-spinner	css/daily.css	1119
sect	機種名列：左端に固定（本文セル＋ヘッダ共通）	css/daily.css	30
sect	台番号列：機種名列の幅ぶん右にずらして固定	css/daily.css	47
sect	ヘッダ固定列（縦スクロール時もヘッダを残す。本文セルより前面へ）	css/daily.css	60
sect	ソートアイコンのpaddingで幅がずれないよう、機種名ヘッダの padding-right を無効化	css/daily.css	70
sect	sticky セルは背景が透けると下の行が見えるため、行の縞背景を固定セルにも当てる	css/daily.css	75
sect	チップ種別カラー	css/daily.css	250
sect	.modal-btn: style.css のエイリアス定義を継承しつつ色だけ上書き	css/daily.css	384
sect	隠し日付セレクト（同期・オプション生成ロジック流用のため残置）	css/daily.css	476
sect	日付ラベル トリガー（タップでカレンダーを開く）	css/daily.css	490
sect	日付ピッカー（カレンダー本体）	css/daily.css	513
sect	曜日ヘッダ（1段のみ。行数指定しない）	css/daily.css	550
sect	日付グリッド本体（常に6段固定＝月送りでガタつかない）	css/daily.css	567
sect	前後の空きマス（当月外）	css/daily.css	593
sect	データのない日 = グレーアウト・無効	css/daily.css	600
sect	選択中の日	css/daily.css	609
sect	仮想日（📝翌日）	css/daily.css	617
sect	.tag-bulk-btn: Ghost相当（補助操作）	css/daily.css	980
sect	.tag-unit-list-clear-btn: Danger相当（リストクリア）	css/daily.css	1015
sect	スマホ（≤480px）	css/daily.css	1140
sect	PC（≥769px）	css/daily.css	1223
css	.island-header	css/island.css	6
css	.island-header	css/island.css	11
css	.island-description	css/island.css	16
css	.island-date-nav	css/island.css	23
css	.island-date-nav	css/island.css	31
css	.island-date-nav	css/island.css	42
css	.island-date-nav	css/island.css	46
css	.island-date-nav	css/island.css	51
css	.current-date	css/island.css	51
css	.island-controls	css/island.css	59
css	.island-view-modes	css/island.css	71
css	.island-mode-buttons	css/island.css	77
css	.island-mode-btn	css/island.css	82
css	.island-mode-btn	css/island.css	93
css	.island-mode-btn	css/island.css	98
css	.active	css/island.css	98
css	.island-filters	css/island.css	104
css	.island-badge-settings-btn	css/island.css	111
css	.island-badge-settings-btn	css/island.css	122
css	.island-legend	css/island.css	128
css	.legend-title	css/island.css	135
css	.legend-items	css/island.css	142
css	.legend-item	css/island.css	149
css	.legend-color	css/island.css	155
css	.legend-label	css/island.css	163
css	.legend-hint	css/island.css	169
css	.island-map-container	css/island.css	175
css	.island-map	css/island.css	185
css	.island-area	css/island.css	190
css	.island-area	css/island.css	194
css	.island-area-title	css/island.css	198
css	.island-list	css/island.css	210
css	.island-block	css/island.css	217
css	.island-block	css/island.css	222
css	.island-double	css/island.css	222
css	.island-rows	css/island.css	222
css	.island-block	css/island.css	229
css	.island-single	css/island.css	229
css	.island-rows	css/island.css	229
css	.island-block	css/island.css	235
css	.island-vertical	css/island.css	235
css	.island-rows	css/island.css	235
css	.island-block	css/island.css	240
css	.island-vertical	css/island.css	240
css	.island-row	css/island.css	240
css	.island-row	css/island.css	245
css	.island-unit	css/island.css	251
css	.island-unit	css/island.css	268
css	.island-unit	css/island.css	274
css	.no-data	css/island.css	274
css	.island-unit	css/island.css	279
css	.no-data	css/island.css	279
css	.unit-number	css/island.css	284
css	.unit-machine	css/island.css	290
css	.unit-sub	css/island.css	300
css	.unit-sub-neutral	css/island.css	308
css	.island-unit-modal	css/island.css	313
css	.island-unit-modal	css/island.css	326
css	.active	css/island.css	326
css	.island-unit-modal-content	css/island.css	330
css	.island-unit-modal-header	css/island.css	341
css	.island-unit-modal-header	css/island.css	350
css	.island-unit-modal-body	css/island.css	356
css	.unit-detail-grid	css/island.css	361
css	.unit-detail-row	css/island.css	367
css	.unit-detail-label	css/island.css	376
css	.unit-detail-value	css/island.css	382
css	.unit-detail-value	css/island.css	389
css	.plus	css/island.css	389
css	.unit-detail-value	css/island.css	393
css	.minus	css/island.css	393
css	.unit-detail-tag	css/island.css	397
css	.unit-detail-empty	css/island.css	409
css	.island-unit	css/island.css	560
css	.spacer	css/island.css	560
css	.island-unit	css/island.css	567
css	.spacer	css/island.css	567
sect	ヘッダー	css/island.css	5
sect	日付ナビゲーション	css/island.css	22
sect	コントロール	css/island.css	58
sect	バッジ設定ボタン	css/island.css	110
sect	凡例	css/island.css	127
sect	島図マップ	css/island.css	174
sect	エリア区切り	css/island.css	189
sect	島リスト（縦並び）	css/island.css	209
sect	島ブロック	css/island.css	216
sect	2段島：段同士の間隔は狭く	css/island.css	221
sect	1段島	css/island.css	228
sect	縦並び島	css/island.css	234
sect	台ユニット	css/island.css	250
sect	累積差枚（バッジモード）: 個別指定せず、getUnitStyleが決めた白/黒の文字色を継承する	css/island.css	307
sect	台詳細モーダル	css/island.css	312
sect	禁止BP修正: 600px → 480px	css/island.css	415
sect	禁止BP修正: 1024px → 769px	css/island.css	511
sect	禁止BP修正: 1400px → 1200px	css/island.css	535
sect	スペーサー（空白マス）	css/island.css	559
css	.mb-cell	css/machinebadge.css	8
css	.mb-kubi	css/machinebadge.css	17
css	.mb-kubi	css/machinebadge.css	34
css	.mb-tako-1	css/machinebadge.css	39
css	.mb-tako-2	css/machinebadge.css	44
css	.mb-tako-3	css/machinebadge.css	49
css	.mb-tako-4	css/machinebadge.css	54
css	.mb-tako-5	css/machinebadge.css	59
css	.mb-kubi-1	css/machinebadge.css	66
css	.mb-kubi-2	css/machinebadge.css	72
css	.mb-kubi-3	css/machinebadge.css	77
css	.mb-kubi-4	css/machinebadge.css	82
css	.mb-kubi-5	css/machinebadge.css	87
css	.mb-none	css/machinebadge.css	94
css	.mb-settings	css/machinebadge.css	103
css	.mb-settings-item	css/machinebadge.css	110
css	.mb-settings-item	css/machinebadge.css	119
css	.mb-select	css/machinebadge.css	126
css	.mb-select	css/machinebadge.css	139
css	.mb-exclude-item	css/machinebadge.css	145
css	.mb-exclude-checks	css/machinebadge.css	145
css	.mb-filter-label	css/machinebadge.css	153
css	.mb-filter-label	css/machinebadge.css	164
css	.mb-rank-checks	css/machinebadge.css	170
css	.mb-rank-wrap	css/machinebadge.css	178
css	.mb-rank-wrap	css/machinebadge.css	183
css	.mb-rank-item	css/machinebadge.css	183
css	.mb-rank-wrap	css/machinebadge.css	187
css	.mb-rank-item	css/machinebadge.css	187
css	.mb-window-info	css/machinebadge.css	195
css	.mb-window-empty	css/machinebadge.css	203
css	.mb-window-head	css/machinebadge.css	209
css	.mb-window-summary	css/machinebadge.css	216
css	.mb-window-range	css/machinebadge.css	223
css	.mb-window-meta	css/machinebadge.css	228
css	.mb-window-chips	css/machinebadge.css	233
css	.mb-window-chip	css/machinebadge.css	238
css	.mb-window-sub	css/machinebadge.css	249
css	.mb-window-sub-label	css/machinebadge.css	256
css	.mb-chip-excluded	css/machinebadge.css	262
css	.mb-window-missing	css/machinebadge.css	266
css	.mb-window-sub-label	css/machinebadge.css	266
css	.mb-chip-missing	css/machinebadge.css	269
css	.mb-window-missing-note	css/machinebadge.css	273
css	.mb-sheet-actions	css/machinebadge.css	285
css	.mb-action-btn	css/machinebadge.css	290
css	.mb-action-btn	css/machinebadge.css	304
css	.mb-action-primary	css/machinebadge.css	305
css	.mb-sheet-filter	css/machinebadge.css	311
css	.mb-sheet-filter-label	css/machinebadge.css	320
css	.bottom-sheet-overlay	css/machinebadge.css	331
css	.bottom-sheet-overlay	css/machinebadge.css	344
css	.open	css/machinebadge.css	344
css	.bottom-sheet	css/machinebadge.css	349
css	.bottom-sheet	css/machinebadge.css	364
css	.open	css/machinebadge.css	364
css	.bottom-sheet-handle-area	css/machinebadge.css	369
css	.bottom-sheet-handle	css/machinebadge.css	377
css	.bottom-sheet-header	css/machinebadge.css	384
css	.bottom-sheet-title	css/machinebadge.css	392
css	.bottom-sheet-close	css/machinebadge.css	397
css	.bottom-sheet-close	css/machinebadge.css	410
css	.bottom-sheet-body	css/machinebadge.css	412
sect	テーブルセル	css/machinebadge.css	7
sect	共通バッジベース	css/machinebadge.css	15
sect	🐙 タコだし（上位差枚）	css/machinebadge.css	38
sect	💀 死に台（下位差枚）	css/machinebadge.css	65
sect	なし	css/machinebadge.css	93
sect	セレクト（集計期間・基準日・基準列・除外時の集計）	css/machinebadge.css	125
sect	除外チェック	css/machinebadge.css	144
sect	表示順位チェック群	css/machinebadge.css	169
sect	表示順位ラッパ: 幅があれば🐙と💀を横並び、狭ければ折り返し	css/machinebadge.css	177
sect	ドラッグハンドル領域（タップで閉じる）	css/machinebadge.css	368
css	#memo	css/memo.css	2
css	.memo-input-panel	css/memo.css	2
css	.memo-input-row	css/memo.css	9
css	.memo-input-row	css/memo.css	16
css	.memo-field-label	css/memo.css	16
css	#memo	css/memo.css	21
css	#memo	css/memo.css	21
css	#memoPersonInput	css/memo.css	29
css	.memo-or-sep	css/memo.css	30
css	.memo-wheel	css/memo.css	33
css	.memo-wheel-highlight	css/memo.css	47
css	.memo-wheel-scroll	css/memo.css	58
css	.memo-wheel-scroll	css/memo.css	66
css	.memo-wheel-item	css/memo.css	67
css	.memo-wheel-item	css/memo.css	78
css	.active	css/memo.css	78
css	.memo-wheel-pad	css/memo.css	84
css	.memo-wheel-empty	css/memo.css	85
css	.memo-setting-checks	css/memo.css	88
css	.memo-setting-chip	css/memo.css	89
css	.memo-setting-chip	css/memo.css	101
css	.memo-set-chip-6	css/memo.css	103
css	.memo-set-chip-5	css/memo.css	104
css	.memo-set-chip-4	css/memo.css	105
css	.memo-set-chip-3	css/memo.css	106
css	.memo-set-chip-2	css/memo.css	107
css	.memo-set-chip-1	css/memo.css	108
css	.memo-input-actions	css/memo.css	110
css	.memo-list-table	css/memo.css	113
css	.memo-list-table	css/memo.css	114
css	.memo-list-table	css/memo.css	114
css	.memo-list-table	css/memo.css	119
css	.memo-cell-num	css/memo.css	120
css	.memo-cell-author	css/memo.css	121
css	.memo-del-btn	css/memo.css	122
css	.memo-del-btn	css/memo.css	123
css	.memo-list-empty	css/memo.css	124
css	.memo-badge	css/memo.css	127
css	.memo-person-badge	css/memo.css	137
css	.memo-setting-badges	css/memo.css	143
css	.memo-setting-badge	css/memo.css	144
css	.memo-set-6	css/memo.css	152
css	.memo-set-5	css/memo.css	153
css	.memo-set-4	css/memo.css	154
css	.memo-set-3	css/memo.css	155
css	.memo-set-2	css/memo.css	156
css	.memo-set-1	css/memo.css	157
css	#data-table	css/memo.css	160
css	.memo-col-cell	css/memo.css	160
css	#data-table	css/memo.css	163
css	.memo-col-cell	css/memo.css	163
css	.memo-badge	css/memo.css	163
css	.memo-col-clickable	css/memo.css	165
css	.memo-add-hint	css/memo.css	166
css	.memo-edit-target	css/memo.css	167
css	.memo-edit-daiban	css/memo.css	168
css	.memo-edit-machine	css/memo.css	169
css	.memo-edit-date	css/memo.css	170
css	.memo-edit-row	css/memo.css	171
css	.virtual-day-note	css/memo.css	172
sect	メモタブ	css/memo.css	1
sect	日付ホイールピッカー	css/memo.css	32
sect	設定入力チップ（色分け）	css/memo.css	87
sect	選択時に設定色を反映	css/memo.css	102
sect	メモ一覧テーブル	css/memo.css	112
sect	バッジ（メモ一覧・日別タブ共通）	css/memo.css	126
sect	設定色: 6=赤 → 1=青	css/memo.css	151
sect	日別タブのメモ列	css/memo.css	159
css	.promo-card	css/promotion.css	24
css	.promo-card	css/promotion.css	29
css	.promo-card	css/promotion.css	34
css	.terminal-card-icon	css/promotion.css	34
css	.promo-day-cards	css/promotion.css	41
css	.promo-day-card	css/promotion.css	46
css	.promo-day-card	css/promotion.css	57
css	.promo-day-head	css/promotion.css	62
css	.promo-day-date	css/promotion.css	69
css	.promo-day-stats	css/promotion.css	73
css	.promo-day-winrate	css/promotion.css	79
css	.promo-day-machines	css/promotion.css	84
css	.promo-machine-chip	css/promotion.css	89
css	.promo-machine-more	css/promotion.css	101
css	.promo-matrix-section	css/promotion.css	109
css	.promo-matrix-title	css/promotion.css	110
css	.promo-matrix-legend	css/promotion.css	112
css	.promo-matrix-legend	css/promotion.css	119
css	.promo-matrix-legend	css/promotion.css	127
css	.promo-cell-target	css/promotion.css	127
css	.promo-matrix-legend	css/promotion.css	130
css	.promo-cell-candidate	css/promotion.css	130
css	.promo-matrix-table	css/promotion.css	134
css	.promo-matrix-table	css/promotion.css	140
css	.promo-matrix-table	css/promotion.css	149
css	.promo-matrix-machine	css/promotion.css	149
css	.promo-matrix-table	css/promotion.css	159
css	.promo-matrix-machine	css/promotion.css	159
css	.promo-matrix-count	css/promotion.css	161
css	.promo-matrix-candcount	css/promotion.css	162
css	.promo-matrix-day	css/promotion.css	167
css	.promo-matrix-cell	css/promotion.css	173
css	.promo-cell-target	css/promotion.css	174
css	.promo-cell-candidate	css/promotion.css	178
css	.promo-group-title	css/promotion.css	186
css	.promo-summary	css/promotion.css	188
css	.promo-summary	css/promotion.css	194
css	.promo-summary	css/promotion.css	195
css	.promo-table	css/promotion.css	197
css	.promo-table	css/promotion.css	203
css	.promo-report-link	css/promotion.css	209
css	.promo-note	css/promotion.css	214
css	.promo-note-title	css/promotion.css	221
css	.promo-note-line	css/promotion.css	226
css	.promo-empty	css/promotion.css	228
css	.promo-nodetail	css/promotion.css	232
css	.promo-date-list	css/promotion.css	240
css	.promo-date-list	css/promotion.css	241
css	.promo-date-list	css/promotion.css	242
css	.board	css/promotion.css	254
css	.board-title	css/promotion.css	255
css	.board-form	css/promotion.css	257
css	.board-author	css/promotion.css	267
css	.board-body	css/promotion.css	268
css	.board-edit-area	css/promotion.css	268
css	.board-form-actions	css/promotion.css	269
css	.board-list	css/promotion.css	271
css	.board-empty	css/promotion.css	272
css	.board-post	css/promotion.css	274
css	.board-post-head	css/promotion.css	281
css	.board-post-author	css/promotion.css	288
css	.board-post-date	css/promotion.css	289
css	.board-edited	css/promotion.css	293
css	.board-post-body	css/promotion.css	294
css	.board-post-actions	css/promotion.css	296
css	.board-edit-area	css/promotion.css	301
css	.board-edit-area	css/promotion.css	305
css	.board-author	css/promotion.css	315
css	.board-edit-area	css/promotion.css	319
css	.board-edit-area	css/promotion.css	324
css	.board-author	css/promotion.css	330
css	.promo-overview-section	css/promotion.css	335
css	.promo-overview-legend	css/promotion.css	337
css	.promo-legend-item	css/promotion.css	341
css	.promo-legend-swatch	css/promotion.css	342
css	.promo-legend-note	css/promotion.css	345
css	.promo-overview-table	css/promotion.css	348
css	.promo-overview-table	css/promotion.css	349
css	.promo-matrix-machine	css/promotion.css	349
css	.promo-overview-promohead	css/promotion.css	351
css	.promo-overview-count	css/promotion.css	353
css	.promo-overview-countitem	css/promotion.css	354
css	.promo-cell-on	css/promotion.css	356
css	.promo-cell-cand	css/promotion.css	357
css	.promo-overview-day	css/promotion.css	359
sect	機種名列は左寄せ・横スクロール時に左固定	css/promotion.css	147
sect	セルの ●/○ は背景の塗りつぶしで表現（文字は背景と同色で隠す）	css/promotion.css	172
sect	全体マトリクス（3取材一覧）	css/promotion.css	334
css	.plus	css/style.css	93
css	.minus	css/style.css	98
css	.zero	css/style.css	102
css	.text-center	css/style.css	106
css	.text-muted	css/style.css	110
css	.tab-content	css/style.css	119
css	.tabs	css/style.css	135
css	.tab-btn	css/style.css	144
css	.tab-btn	css/style.css	157
css	.tab-btn	css/style.css	162
css	.active	css/style.css	162
css	.tab-content	css/style.css	168
css	.tab-content	css/style.css	172
css	.active	css/style.css	172
css	.scroll-x	css/style.css	198
css	.btn-danger	css/style.css	211
css	.btn-danger	css/style.css	230
css	.btn-primary	css/style.css	237
css	.btn-primary	css/style.css	242
css	.btn-primary	css/style.css	245
css	.btn-secondary	css/style.css	250
css	.btn-secondary	css/style.css	255
css	.btn-secondary	css/style.css	259
css	.btn-ghost	css/style.css	264
css	.btn-ghost	css/style.css	270
css	.btn-ghost	css/style.css	274
css	.btn-danger	css/style.css	279
css	.btn-danger	css/style.css	284
css	.btn-danger	css/style.css	287
css	.modal-btn	css/style.css	295
css	.primary	css/style.css	295
css	.modal-btn	css/style.css	316
css	.primary	css/style.css	316
css	.modal-btn	css/style.css	321
css	.primary	css/style.css	321
css	.modal-btn	css/style.css	326
css	.primary	css/style.css	326
css	.modal-btn	css/style.css	346
css	.primary	css/style.css	346
css	.modal-btn	css/style.css	351
css	.primary	css/style.css	351
css	.btn-small	css/style.css	356
css	.btn-small	css/style.css	374
css	.btn-small	css/style.css	379
css	.preset-btn	css/style.css	384
css	.preset-btn	css/style.css	400
css	.input	css/style.css	451
css	.input	css/style.css	467
css	.input	css/style.css	471
css	.controls	css/style.css	478
css	.controls	css/style.css	486
css	.controls	css/style.css	493
css	.control-group	css/style.css	497
css	.control-group	css/style.css	503
css	.control-group	css/style.css	509
css	.date-nav	css/style.css	516
css	.date-nav	css/style.css	523
css	.date-nav	css/style.css	536
css	.current-date	css/style.css	540
css	.summary	css/style.css	550
css	.summary	css/style.css	558
css	.table-wrapper	css/style.css	566
css	.table-actions	css/style.css	604
css	.btn-download	css/style.css	611
css	.btn-download	css/style.css	629
css	.btn-download	css/style.css	635
css	.btn-copy	css/style.css	639
css	.copied	css/style.css	639
css	.btn-copy	css/style.css	645
css	.copied	css/style.css	645
css	.copy-toast	css/style.css	652
css	.copy-toast	css/style.css	669
css	.show	css/style.css	669
css	.copy-toast	css/style.css	674
css	.error	css/style.css	674
css	.loading-screen	css/style.css	681
css	.loading-screen	css/style.css	695
css	.hidden	css/style.css	695
css	.loading-content	css/style.css	700
css	.loading-spinner	css/style.css	705
css	.loading-text	css/style.css	721
css	.loading-progress	css/style.css	727
css	.loading-progress-bar	css/style.css	736
css	.loading-status	css/style.css	744
css	.background-loading-indicator	css/style.css	750
css	.background-loading-indicator	css/style.css	766
css	.hidden	css/style.css	766
css	.background-loading-indicator	css/style.css	772
css	.mini-spinner	css/style.css	772
css	.background-loading-indicator	css/style.css	781
css	.loading-info	css/style.css	781
css	.background-loading-indicator	css/style.css	787
css	.loading-title	css/style.css	787
css	.background-loading-indicator	css/style.css	792
css	.loading-detail	css/style.css	792
css	.no-data-message	css/style.css	798
css	.summary-cards	css/style.css	1011
css	.stat-card	css/style.css	1018
css	.stat-label	css/style.css	1028
css	.stat-value	css/style.css	1034
css	.stat-unit	css/style.css	1041
css	.summary-note	css/style.css	1048
css	.floating-menu-btn	css/style.css	1075
css	.floating-menu-btn	css/style.css	1101
css	.visible	css/style.css	1101
css	.floating-menu-btn	css/style.css	1106
css	.floating-menu-btn	css/style.css	1111
css	.hamburger-line	css/style.css	1115
css	.floating-menu-btn	css/style.css	1125
css	.open	css/style.css	1125
css	.hamburger-line	css/style.css	1125
css	.floating-menu-btn	css/style.css	1128
css	.open	css/style.css	1128
css	.hamburger-line	css/style.css	1128
css	.floating-menu-btn	css/style.css	1132
css	.open	css/style.css	1132
css	.hamburger-line	css/style.css	1132
css	.half-modal-overlay	css/style.css	1139
css	.half-modal-overlay	css/style.css	1151
css	.open	css/style.css	1151
css	.half-modal	css/style.css	1159
css	.half-modal	css/style.css	1183
css	.open	css/style.css	1183
css	.half-modal-handle	css/style.css	1189
css	.half-modal-header	css/style.css	1199
css	.half-modal-current	css/style.css	1207
css	.half-modal-close-btn	css/style.css	1213
css	.half-modal-close-btn	css/style.css	1230
css	.half-modal-nav	css/style.css	1236
css	.half-modal-nav-item	css/style.css	1245
css	.half-modal-nav-item	css/style.css	1264
css	.half-modal-nav-item	css/style.css	1270
css	.half-modal-nav-item	css/style.css	1274
css	.current-page	css/style.css	1274
css	.half-modal-nav-icon	css/style.css	1281
css	.half-modal-nav-label	css/style.css	1286
sect	━━━ ベースフォントサイズ ━━━	css/style.css	12
sect	━━━ 角丸（DESIGN.md: rounded.md = 8px） ━━━	css/style.css	22
sect	━━━ スペーシング（4pxベース / DESIGN.md § Spacing） ━━━	css/style.css	28
sect	━━━ ブレークポイント参照値（DESIGN.md § Breakpoints） ━━━	css/style.css	37
sect	CSSのメディアクエリは var() 非対応のため実際は数値で書く。	css/style.css	38
sect	この変数はJS・ドキュメント参照用として定義する。	css/style.css	39
sect	━━━ スマホ用ボタン高さ（DESIGN.md § Touch Button Sizing） ━━━	css/style.css	44
sect	スマホ（≤480px）でのみ上書きして使う。PCはボタン共通の min-height を使う。	css/style.css	45
sect	━━━ スマホ用ボタン間隔（DESIGN.md § Touch Button Sizing） ━━━	css/style.css	50
sect	小さいボタンほど誤タップしやすいため間隔を広く取る（サイズと反比例）	css/style.css	51
sect	━━━ トランジション（DESIGN.md § Motion） ━━━	css/style.css	57
sect	━━━ z-index管理 ━━━	css/style.css	61
sect	タップ時のデフォルトハイライトを消してCSS :active に統一	css/style.css	180
sect	タップ時フィードバック（:active で視覚的確認）	css/style.css	190
sect	スクロールコンテナ	css/style.css	196
sect	── 新規統一クラス（4種） ──	css/style.css	207
sect	Primary: 最重要アクション	css/style.css	236
sect	Secondary: サブアクション	css/style.css	249
sect	Ghost: 軽いアクション（最小高36px）	css/style.css	263
sect	Danger: 削除・リセットなど不可逆操作	css/style.css	278
sect	── 既存クラス → 新規クラスへのエイリアス（後方互換） ──	css/style.css	291
sect	既存のHTMLを変更せずに新規スタイルを適用する	css/style.css	292
sect	btn-small: Ghost相当 + 最小高さ保証	css/style.css	355
sect	preset-btn: Secondary相当	css/style.css	383
sect	無効化状態（共通）	css/style.css	406
sect	全フォーム要素に44px最小高さ + タッチ最適化	css/style.css	418
sect	.input クラス: DESIGN.md § Forms 標準入力欄	css/style.css	450
sect	padding は フォーム共通ルール（--space-2 --space-3）を継承	css/style.css	489
sect	バックグラウンド読み込みインジケーター	css/style.css	749
sect	データなしメッセージ	css/style.css	797
sect	min-height:44px / padding は共通ルールを維持	css/style.css	877
sect	── スマホ用ボタンサイズ（DESIGN.md § Touch Button Sizing） ──	css/style.css	880
sect	高優先度: Primary / Danger → 72px	css/style.css	881
sect	中優先度: Secondary → 60px	css/style.css	888
sect	低優先度: Ghost / icon-btn → 44px	css/style.css	893
sect	後方互換エイリアスにも同じ優先度を適用	css/style.css	900
sect	btn-reset / modal-btn（非primary） → Secondary相当（中優先度）	css/style.css	909
sect	btn-small → Ghost相当（低優先度）	css/style.css	915
sect	ボタングループのギャップ補助クラス	css/style.css	920
sect	タブレット以下: 3列	css/style.css	1054
sect	スマホ: 2列	css/style.css	1061
sect	初期は非表示（hidden 属性でも制御するが、アニメのため opacity も使う）	css/style.css	1096
sect	ハンバーガー → ✕ アニメーション（モーダルオープン時）	css/style.css	1124
sect	初期位置: 画面下に隠れている	css/style.css	1171
sect	最大高さ: 画面の55%	css/style.css	1176
sect	ドラッグハンドル	css/style.css	1188
sect	ヘッダー	css/style.css	1198
sect	ナビゲーショングリッド	css/style.css	1235
sect	スマホ: 3列	css/style.css	1293
sect	PC広幅: 7列	css/style.css	1314
sect	━━━ ゾーンカラー（aim.css / analysis.css 共通） ━━━	css/theme.css	16
sect	━━━ 機能色（カード・テキスト用背景 rgba） ━━━	css/theme.css	22
sect	aim-chip 凹みランク色	css/theme.css	23
sect	━━━ メインカラー（Primary: #2665fd） ━━━	css/theme.css	30
sect	━━━ セカンダリカラー（Secondary: #475569） ━━━	css/theme.css	36
sect	━━━ テキスト（On-surface: #dae2fd） ━━━	css/theme.css	53
sect	━━━ ボーダー ━━━	css/theme.css	59
sect	━━━ アクセントカラー ━━━	css/theme.css	64
sect	━━━ ホール固有カラー ━━━	css/theme.css	72
sect	━━━ テーブル ━━━	css/theme.css	75
sect	━━━ シャドウ ━━━	css/theme.css	80
id	#loading-screen	index.html	36
id	#loadingProgressBar	index.html	41
id	#loadingStatus	index.html	43
id	#site-header	index.html	47
id	#floating-menu-btn	index.html	52
id	#half-modal-overlay	index.html	61
id	#half-modal	index.html	62
id	#half-modal-current-page	index.html	65
id	#half-modal-close	index.html	66
id	#home	index.html	103
id	#daily	index.html	145
id	#aim	index.html	150
id	#analysis	index.html	153
id	#calendar	index.html	156
id	#island	index.html	159
id	#promotion	index.html	162
id	#tenun	index.html	164
id	#ougi	index.html	165
id	#zombie	index.html	166
id	#aimCreateView	partials/aim.html	12
id	#aimDateSelect	partials/aim.html	26
id	#aimCurrentDateLabel	partials/aim.html	27
id	#aimAuthorInput	partials/aim.html	29
id	#aimCloudSaveBtn	partials/aim.html	30
id	#aimCloudList	partials/aim.html	31
id	#aimCloudDeleteBtn	partials/aim.html	34
id	#aimExportImageBtn	partials/aim.html	35
id	#aimBadgeToggle	partials/aim.html	36
id	#aimHiddenToggle	partials/aim.html	37
id	#aimResetBtn	partials/aim.html	38
id	#aimMeta	partials/aim.html	39
id	#aimHiddenPanel	partials/aim.html	47
id	#aimPresetFilters	partials/aim.html	49
id	#aimHiddenList	partials/aim.html	50
id	#aimEmptyGuide	partials/aim.html	54
id	#aimBoard	partials/aim.html	59
id	#aimReviewView	partials/aim.html	65
id	#aimReviewSheetSelect	partials/aim.html	70
id	#aimReviewReloadBtn	partials/aim.html	73
id	#aimReviewDateSelect	partials/aim.html	77
id	#aimReviewDateLabel	partials/aim.html	78
id	#aimReviewSummary	partials/aim.html	90
id	#aimReviewBody	partials/aim.html	93
id	#analysisTabAggregate	partials/analysis.html	9
id	#openTrendCalendar	partials/analysis.html	14
id	#trendPeriodLabel	partials/analysis.html	15
id	#trendViewMode	partials/analysis.html	19
id	#trendDataColumn	partials/analysis.html	26
id	#machineAggTypeGroup	partials/analysis.html	38
id	#trendMachineAggType	partials/analysis.html	40
id	#trendMachineFilterContainer	partials/analysis.html	47
id	#trendSortBy	partials/analysis.html	51
id	#loadTrend	partials/analysis.html	64
id	#trendFilterToggle	partials/analysis.html	68
id	#trendFilterContent	partials/analysis.html	72
id	#trendTotalFilterType	partials/analysis.html	78
id	#trendTotalFilterValue	partials/analysis.html	83
id	#trendPrevTotalFilterType	partials/analysis.html	87
id	#trendPrevTotalFilterValue	partials/analysis.html	92
id	#trendShowTotal	partials/analysis.html	100
id	#trendShowAvg	partials/analysis.html	104
id	#trendShowPrevTotal	partials/analysis.html	108
id	#trendShowChart	partials/analysis.html	117
id	#resetTrendFilter	partials/analysis.html	123
id	#trendSummary	partials/analysis.html	128
id	#trendMachineSummaryWrapper	partials/analysis.html	131
id	#trendChartTitle	partials/analysis.html	135
id	#chartShowTop	partials/analysis.html	137
id	#chartShowBottom	partials/analysis.html	138
id	#chartShowAll	partials/analysis.html	139
id	#chartDisplayCount	partials/analysis.html	140
id	#chartDisplayType	partials/analysis.html	145
id	#trendChart	partials/analysis.html	152
id	#copyTrendTableBtn	partials/analysis.html	157
id	#downloadTrendCsvBtn	partials/analysis.html	158
id	#trend-fixed-table	partials/analysis.html	163
id	#trend-scroll-table	partials/analysis.html	169
id	#analysisTabKubi	partials/analysis.html	179
id	#openKubiCalendar	partials/analysis.html	184
id	#kubiPeriodLabel	partials/analysis.html	185
id	#openKubiBadgeSettings	partials/analysis.html	189
id	#kubiBadgeSummaryLabel	partials/analysis.html	190
id	#kubiMachineFilterContainer	partials/analysis.html	194
id	#loadKubi	partials/analysis.html	217
id	#kubiSummary	partials/analysis.html	220
id	#kubiSections	partials/analysis.html	223
id	#trendCalendarModal	partials/analysis.html	228
id	#closeTrendCalendar	partials/analysis.html	232
id	#trendFilterContainer	partials/analysis.html	234
id	#trendDateList	partials/analysis.html	236
id	#selectAllDates	partials/analysis.html	239
id	#deselectAllDates	partials/analysis.html	240
id	#applyTrendDates	partials/analysis.html	241
id	#analysisTabScatter	partials/analysis.html	249
id	#openScatterCalendar	partials/analysis.html	253
id	#scatterPeriodLabel	partials/analysis.html	254
id	#loadScatter	partials/analysis.html	255
id	#scatterMachineFilterContainer	partials/analysis.html	262
id	#sc-rank-basis	partials/analysis.html	267
id	#sc-rank-btns	partials/analysis.html	272
id	#sc-lookback	partials/analysis.html	277
id	#sc-lookback-val	partials/analysis.html	279
id	#sc-thresh	partials/analysis.html	284
id	#sc-thresh-val	partials/analysis.html	286
id	#sc-suffix-btns	partials/analysis.html	290
id	#scatterPositionFilter	partials/analysis.html	292
id	#sc-count-min	partials/analysis.html	296
id	#sc-count-max	partials/analysis.html	298
id	#sc-k-n	partials/analysis.html	305
id	#sc-k-n-sub	partials/analysis.html	305
id	#sc-k-wr	partials/analysis.html	306
id	#sc-k-wr-sub	partials/analysis.html	306
id	#sc-k-avg	partials/analysis.html	307
id	#sc-k-avg-sub	partials/analysis.html	307
id	#sc-k-pf	partials/analysis.html	308
id	#sc-k-pf-sub	partials/analysis.html	308
id	#sc-k-pb	partials/analysis.html	309
id	#sc-k-pb-sub	partials/analysis.html	309
id	#sc-scatter-title	partials/analysis.html	314
id	#sc-scatter-chart	partials/analysis.html	315
id	#sc-bucket-chart	partials/analysis.html	319
id	#sc-trend-title	partials/analysis.html	324
id	#sc-trend-chart	partials/analysis.html	325
id	#sc-tbl-title	partials/analysis.html	329
id	#sc-data-table	partials/analysis.html	330
id	#prevMonth	partials/calendar.html	3
id	#calendarMonth	partials/calendar.html	4
id	#nextMonth	partials/calendar.html	5
id	#calendarFilter	partials/calendar.html	7
id	#calendarDays	partials/calendar.html	18
id	#calendarList	partials/calendar.html	22
id	#calendarTrendChartWrapper	partials/calendar.html	32
id	#calendarTrendChart	partials/calendar.html	33
id	#prevDate	partials/daily.html	2
id	#currentDateTrigger	partials/daily.html	3
id	#currentDateLabel	partials/daily.html	4
id	#nextDate	partials/daily.html	7
id	#latestDate	partials/daily.html	8
id	#dateSelect	partials/daily.html	13
id	#dailyMachineFilterContainer	partials/daily.html	14
id	#activeFilterBar	partials/daily.html	18
id	#openNumFilterModal	partials/daily.html	23
id	#numFilterPreview	partials/daily.html	26
id	#openDailyTagModal	partials/daily.html	28
id	#dailyTagPreview	partials/daily.html	31
id	#openColumnModal	partials/daily.html	33
id	#columnPreview	partials/daily.html	36
id	#openBadgeModal	partials/daily.html	38
id	#badgePreview	partials/daily.html	41
id	#dailyShowTaggedOnly	partials/daily.html	45
id	#dailyTagCountDisplay	partials/daily.html	47
id	#numFilterModal	partials/daily.html	52
id	#closeNumFilterModal	partials/daily.html	56
id	#dailyFilterGroupsList	partials/daily.html	61
id	#dailyAddFilterGroup	partials/daily.html	63
id	#resetFilter	partials/daily.html	68
id	#applyFilter	partials/daily.html	69
id	#dailyTagModal	partials/daily.html	75
id	#closeDailyTagModal	partials/daily.html	79
id	#tagBulkHint	partials/daily.html	88
id	#tagBulkTargetSelect	partials/daily.html	91
id	#tagBulkApplyBtn	partials/daily.html	94
id	#tagBulkCount	partials/daily.html	94
id	#dailyTagGroupsList	partials/daily.html	98
id	#applyDailyTagModal	partials/daily.html	101
id	#columnModal	partials/daily.html	107
id	#closeColumnModal	partials/daily.html	111
id	#selectAllColumns	partials/daily.html	115
id	#deselectAllColumns	partials/daily.html	116
id	#columnCheckboxes	partials/daily.html	118
id	#applyColumnModal	partials/daily.html	121
id	#summary	partials/daily.html	129
id	#copyTableBtn	partials/daily.html	132
id	#downloadCsvBtn	partials/daily.html	133
id	#data-table	partials/daily.html	137
id	#suffixStatsBlock	partials/daily.html	144
id	#suffixStatsToggle	partials/daily.html	145
id	#suffixStatsContent	partials/daily.html	149
id	#copySuffixTableBtn	partials/daily.html	151
id	#downloadSuffixCsvBtn	partials/daily.html	152
id	#suffix-stats-table	partials/daily.html	155
id	#withdrawnBlock	partials/daily.html	164
id	#withdrawnToggle	partials/daily.html	165
id	#withdrawnContent	partials/daily.html	169
id	#withdrawn-table	partials/daily.html	171
id	#islandPrevDate	partials/island.html	8
id	#islandDateTrigger	partials/island.html	9
id	#islandDateLabel	partials/island.html	11
id	#islandNextDate	partials/island.html	13
id	#islandBadgeSettingsBtn	partials/island.html	25
id	#islandLegend	partials/island.html	29
id	#islandLegendItems	partials/island.html	31
id	#islandMap	partials/island.html	38
id	#islandUnitModal	partials/island.html	44
id	#islandUnitModalTitle	partials/island.html	47
id	#islandUnitModalClose	partials/island.html	48
id	#islandUnitModalBody	partials/island.html	50
